,CL=F,BZ=F,NG=F,RB=F,HO=F,QA=F,QU=F,QG=F,QH=F,GC=F,SI=F,HG=F,PL=F,PA=F,ALI=F,ZS=F,ZM=F,ZL=F,ZW=F,ZC=F,ZO=F,ZR=F,KE=F,CC=F,CJ=F,SB=F,YO=F,KC=F,OJ=F,LE=F,GF=F,HE=F,DC=F,HY=F
XOM,0.5701758106469481,0.56491151480119,0.13492167573852434,0.4845183104884419,0.4670806908036557,-0.304364434782245,0.4808238317610506,0.10927522546460898,0.051406919099207936,0.1011631461047672,0.1676881175211509,0.26686959122879594,0.2211280364877712,0.19903635085958402,0.21256729370454636,0.16869455100118289,0.03936075714267855,0.2199702178455086,0.071973619142428,0.09423948926481679,0.061060384600670384,0.05723755991811522,0.08457770414303166,0.11494360174136022,0.10326240689881751,0.1494529081825194,0.1487510983103197,0.07751359455909472,0.02146571581560891,0.12079672373035982,0.059557582364118344,0.07730102388104441,0.03199446852821222,0.29466273803653936
CVX,0.5247008999010735,0.5184500969025889,0.12523544093424033,0.45121453599569733,0.4242481403823432,-0.32362950288556075,0.4398213233033405,0.08775864128226032,0.07494531731521038,0.09834340383092069,0.1834094584276966,0.28093336576711364,0.22494552524942574,0.19919840482963486,0.18403626531644607,0.1538229022193736,0.03279592023044344,0.22128411568898504,0.07910255092021044,0.09526663372049775,0.07611451485553328,0.05731992650767596,0.09237167324227664,0.1021636604907466,0.09044245534544319,0.1367599106745234,0.13560825807223278,0.0568603812305285,0.04085088523487985,0.08713888534806238,0.0724776223399884,0.07108730933197595,0.025432782964065176,0.31385407290048023
SHEL,0.540547942156806,0.5479809764300687,0.09544440980026923,0.4633265094729638,0.4495278806889724,-0.2994662714535037,0.45304147282295065,0.08847166044112582,0.14116292357131807,0.1329734690095177,0.22124429513970328,0.33233424146323953,0.27360104568883103,0.23314660675818114,0.21633199617833426,0.1646594606661095,0.025960369670897317,0.24440988498800975,0.061802589922758694,0.06626704416444441,0.03911241372484281,0.04568510118625045,0.0825506369245471,0.12152193166325867,0.11448471669097117,0.13010430990282598,0.12864956923276866,0.07352258303076635,0.04836228058229594,0.14297187888275834,0.11055440722806505,0.054263217936613775,0.023646898363475406,0.30101290503820816
BP,0.5549452020133271,0.559397094095789,0.09978898995034191,0.45956356066904325,0.4631474680437349,-0.32228675870725454,0.45356154366372964,0.08860072732923423,0.1528936123543565,0.120127468830604,0.21629428056827163,0.3394354417748404,0.26903007078444335,0.21802311931285903,0.23353854973422528,0.17680281107389847,0.04308756184296165,0.24582771728388245,0.05842603769159728,0.08146412582495208,0.052878230678827284,0.05802148801581732,0.08342928280112179,0.10547019404070211,0.11082537493649638,0.13297530804745003,0.13146368623433696,0.11590254049836571,0.05086114912184749,0.1611463364170196,0.12320719424956113,0.06964521149638032,-0.003640142258770008,0.3134134553162108
TTE,0.4956452073532216,0.4990081195120116,0.1121072169370109,0.4173996172231258,0.4188068318251644,-0.2625749794185946,0.41134386332122974,0.10846628003202106,0.16509272830086308,0.11494558448835114,0.2063942464546246,0.3346526585447611,0.27881910431773305,0.20961681813188443,0.22691495074017456,0.16007488256302227,0.021551655962796148,0.2376443392789571,0.046999591004833745,0.0639781402703859,0.01982784214204208,0.03808963035616664,0.07174908322236448,0.1403390856682003,0.13159888872492037,0.11168847568263168,0.11036431046894214,0.10087733022637212,0.022199381354897015,0.12084284448845639,0.11499461658188719,0.07518904823509887,0.0148915976792757,0.3091459465394779
COP,0.5921329703653319,0.596808736124918,0.1121991748960243,0.503693851054865,0.4791647027779192,-0.30941624264452017,0.5024347801898282,0.09847423691678471,0.04620637324083259,0.10313425090920764,0.16887397442676286,0.27772037528322896,0.22497068684255367,0.19036454387756294,0.2084456104738198,0.181991025618048,0.04683218548254598,0.2612619708469007,0.09773002380450779,0.11595944989201608,0.07476542682637224,0.0670535244306325,0.10467938066302121,0.11251255616629054,0.10223808918671555,0.17494781577210433,0.17327367496171794,0.08051617239198636,0.05005243727021219,0.10958321649040728,0.05654395615560851,0.047236902294031935,0.029379750504779676,0.32751783872790163
OXY,0.5753079954580667,0.5780869679189284,0.13546445257216153,0.48063460943288966,0.45547743454426426,-0.3189053132644096,0.4776094239012867,0.11660932440566876,0.08512518329003858,0.11106264852169308,0.17418001933660984,0.2651310682490806,0.21104916923260886,0.21578881411780462,0.20965062900964554,0.16025032653785834,0.04856268143136077,0.21958407496554858,0.09636335833811653,0.1154527289173965,0.05782502283863319,0.08566681962286143,0.11394480780873077,0.08720394100399381,0.08025697662064157,0.14374906910554255,0.142111681379478,0.06375806892198915,0.005873857945362008,0.08338633869191917,0.05714421188294895,0.06141951140477017,0.014404083583693814,0.2827637708670278
PBR,0.34552713424277076,0.3545208530101914,0.06036348181776519,0.30026072844333757,0.31268987102362117,-0.26545782799733963,0.31283891727568836,0.05485094344150073,0.08644066336460207,0.09678942556712575,0.15810248708423788,0.239281763743209,0.18708487896273768,0.16601205223060975,0.171251063783672,0.2080032810581122,0.09947730999389516,0.2148027302610029,0.09121066977537336,0.13355097550719067,0.0842843869533376,0.013532863616285798,0.10485894871731544,0.07693721360290098,0.07315383520759025,0.14149622072219012,0.14260415270391982,0.13161451046196002,0.06861847114289293,0.10891473609439203,0.046624688015495665,0.01479883615310393,0.026539185742562185,0.2633593868781545
VLO,0.435651783386985,0.44358529703403227,0.10246435721864978,0.475466974547909,0.4412610170865801,-0.2641792890121627,0.47162969900980695,0.09202269169170232,0.05512992796103656,0.026910119002484745,0.10401889560883794,0.22502049128853013,0.17485683443007471,0.15671623503635923,0.1530388138870071,0.1463715696715775,0.02638170134933829,0.21566971419481776,0.0730301826104651,0.08024183537627805,0.03753366644409215,0.03713406921404653,0.0758631414580723,0.12296953934230248,0.11392832912744792,0.12053116063484708,0.12017178110476377,0.04732193801264487,0.017649039041996464,0.08923233306192777,0.06959929288415685,0.06324712340320747,0.024586423287879248,0.3107043777145842
PSX,0.4353486550800933,0.44420548258385933,0.10748864302705703,0.4295639650142874,0.40636961989111364,-0.28920400489872705,0.43334246974059476,0.08339877504405836,0.07058198409004678,0.04110763081243899,0.11825630218836969,0.23174704108619937,0.18858210042622797,0.16379444622522388,0.16375787799793673,0.14626882999101845,0.024777736216990386,0.21490298233509275,0.0679267049570821,0.08806822233339008,0.031218650188518188,0.04936366336716581,0.07464857578646329,0.10109088896263892,0.09016056793470346,0.1064630860884793,0.10600336653266637,0.04579744239056502,0.025950589220390813,0.10769476996907835,0.07011313608160305,0.07558537103591748,0.00829967936766851,0.28978003829133414
MPC,0.42714236613417206,0.42714528671909746,0.10753722480008497,0.44880131666794887,0.4144045763818083,-0.27832461900718203,0.447925353896393,0.10267019456297788,0.0651210608080005,0.05240910943306686,0.11971935091682702,0.2480311540409212,0.19143133438760324,0.16975576269820686,0.16051546845404516,0.1450525805277941,0.013938383783291229,0.2194374985862234,0.06704959721582955,0.08317690858626701,0.027574696154158564,0.05044686356891458,0.06880673194281373,0.12418551249432092,0.10294277030288301,0.12099203450071433,0.11973506480157001,0.06048822158649107,0.04740334015443166,0.086925869296847,0.07821914273971999,0.04553668026325263,0.04914991337580358,0.29654166869102616
EOG,0.5795006406146699,0.5873156387049548,0.12761268566672385,0.48938714459431587,0.46590328236687106,-0.29433999759838164,0.47044095571952227,0.10977791710038097,0.06217852685274344,0.13524618290173976,0.18046460634728526,0.2709571793951992,0.20894272232516764,0.18848153159188208,0.20395516841257766,0.19824982616499118,0.05424129610533923,0.26860097940458777,0.10343146603011028,0.1372371220337279,0.06216735854545113,0.06592436190972602,0.11672268233595307,0.08372687298022122,0.07549768153925701,0.1478492830198103,0.1465328041113519,0.08102251342744062,0.02293240522453149,0.11126532388872111,0.07110073469631348,0.04450850230786063,0.0010574711123033827,0.2918964567240552
HES,0.5350236577727188,0.535403240716825,0.11369507850773757,0.4522276316746198,0.4316346399464279,-0.28100096805026226,0.44572110523142766,0.0970622747455036,0.05382150820269252,0.0850443176883733,0.1581881625659026,0.2745760194617547,0.1994373853571931,0.1822824126239509,0.19718845541839652,0.16827716693898429,0.02035227476267484,0.2518659693318133,0.08274928649415582,0.10464796885915383,0.06859022613222221,0.08016024339066526,0.09372003613603179,0.0919436083579104,0.07450429338327955,0.13675340890724919,0.13535678365887407,0.07791920092666216,0.026986470061113325,0.09681693655835666,0.07670247840418772,0.05307843078182039,0.03917909468332453,0.34820891039579255
DVN,0.5691032790080139,0.5731372891056664,0.14997057363095806,0.467169260159744,0.4714445935931789,-0.31703334232841884,0.46377146260826724,0.14376177899187303,0.07957403017959719,0.10285472307498635,0.17437567577374422,0.2821449983710993,0.22053775250445518,0.22077492146603228,0.19950067096302274,0.18060603660259233,0.04103171667728982,0.24664232606971903,0.09024788615753797,0.11390400920241414,0.07510072437906333,0.05793816012456791,0.09799008755972714,0.07747917464868903,0.06346717851393023,0.148026326834403,0.14649546759486062,0.06664344410846416,0.026925631294351104,0.08888518487986577,0.060671629301770065,0.020165585187450943,-0.005509709729971492,0.32597889338903624
KMI,0.3761484757904709,0.3778223098514486,0.180406049880421,0.3385583425622833,0.3032105458367606,-0.3386790949274554,0.33269957255348986,0.16969069615411875,0.10985853918926976,0.1379434775409958,0.2000149200631865,0.24622029422820088,0.22087251461110494,0.19838409798537385,0.18572540830508508,0.14433704102680356,0.05115182229784029,0.19658514484187972,0.08406051281746887,0.0811169475508087,0.06464155537577682,0.058684348171493525,0.09159836012036858,0.09031093285923235,0.055179540367006716,0.1076819419922842,0.10744914842128388,0.09748528349022079,0.016635959674500295,0.07822071621382093,0.0878323670980146,0.04340744764761576,0.008951701728731054,0.30777100069727337
WMB,0.3853955780549556,0.38062874034539096,0.2168154198896787,0.341246157434921,0.30350013377030627,-0.31902391072093683,0.34737624420230095,0.20882617551758167,0.09958657913214028,0.1250157546374626,0.1843011586057954,0.2665302400111538,0.20350226342848615,0.1934301072869589,0.19274647794298763,0.14474410182300051,0.023846936837565277,0.1998521877389583,0.09335004756859215,0.09412861562012632,0.0626950022958537,0.05433011846469941,0.09681240061123458,0.08497522804456628,0.06089987095731232,0.10267552257948774,0.10221021679067485,0.1028335864603369,0.021766076284321298,0.11959128391007633,0.1139014621599272,0.028437463101896005,-0.0014025238401388302,0.2834974408551863
LNG,0.31095779328171685,0.3248113921538339,0.1525004704033387,0.28809147619022496,0.2603333041878242,-0.2539797629691241,0.29824902330755626,0.1480106525127807,0.0822540611847084,0.07410475341462539,0.11232324733750089,0.20012146366983066,0.13153318614756157,0.13642796861808001,0.1710686923015641,0.10804115871389199,0.01891075648990186,0.145434365401446,0.03658882561948071,0.02710727406792105,0.028278524304305493,0.06764782109246809,0.033749661647575674,0.09151087309275578,0.07183587478349188,0.08648668046140574,0.08727837277998746,0.04306263088045206,-0.010101279765093113,0.07974497312871565,0.09488771102321583,0.04059693564154439,0.02143294927094705,0.20301764559350458
EQT,0.2516872124367103,0.25955316900079345,0.45247682093288394,0.24537634088084143,0.22285807584506367,-0.23548801698764715,0.23325194708341104,0.4540308905745336,0.08999052027736341,0.08915038539745697,0.12665861498244166,0.17993225597679094,0.1274133176758633,0.12879615139439415,0.13524747651016752,0.1159903406421018,0.06872214823699564,0.11336961108297208,0.08001743453370745,0.0702629058358694,0.05454326434907575,0.07090916576661849,0.09279656725339461,0.06073361453527258,0.03982356629733603,0.060290776207655765,0.059628519349657974,0.09345768393925916,0.01126842252818151,0.04873416195348916,0.04411019377353308,0.03864534851999355,0.0019600130719612347,0.208010589064206
APA,0.5589123154076561,0.5676203468775283,0.1505370022142629,0.4627376635819571,0.4435390343883648,-0.29751025682576754,0.45766759424184006,0.13966257979920335,0.08362453382900242,0.08344184548420566,0.14960181663603597,0.2737210296111826,0.1841670140416718,0.17470779892606783,0.20184312523814119,0.16996149783318526,0.05700303649289799,0.22765411104276428,0.09637336424321089,0.11891012586867113,0.07108275374548395,0.055797316183306675,0.10715818263356523,0.08450869399266593,0.06654896278533108,0.14080398312487075,0.13980896760201356,0.07232429235715575,0.021106933216244184,0.0905847831412312,0.06221654094853396,0.04960418306288498,0.005543425393351668,0.30716941129837416
HAL,0.5701012553704591,0.5738040789688649,0.13002282776900398,0.4717947372162019,0.4551333742293882,-0.30299901984085587,0.4724860685556971,0.11551873976148891,0.08410357384045479,0.10322715745914253,0.17642700836945077,0.29702041901828485,0.23036185573527074,0.21911077054064126,0.23497381332268932,0.18408343197926774,0.06329352256471564,0.23967564222627114,0.07629333631184007,0.12482172719578576,0.05610286883483275,0.04275323666505574,0.09365595309950302,0.10742325593530337,0.10460325805817516,0.13756248121426276,0.13607552195925823,0.07685628879921454,0.038926887656164415,0.13260168346994083,0.09328707640850703,0.07140126092999038,-0.0007852150512566265,0.32455120999805853
SLB,0.5071636414518041,0.5132612798863633,0.11361949243512924,0.43248890560294717,0.40470290524589786,-0.28993671847442504,0.4296699530152292,0.09001767687165643,0.08875616616304333,0.09339537708720448,0.1597276973376974,0.28282106510562505,0.21434902920246238,0.20645686755087084,0.208426261715372,0.16491241503265225,0.04003900342585808,0.23745892383279943,0.07350604333700812,0.10637682485237548,0.044209956344476664,0.05289159731470751,0.08198862565368367,0.10854299736171653,0.09937452399240677,0.1187893160964773,0.11717859002694546,0.07842772315801964,0.04102276980475752,0.1300804888523644,0.09747800129567162,0.07108485134360797,0.03427493925612749,0.300761476428011
BKR,0.4483693488515251,0.4465608413159281,0.11392760834499181,0.3806615627304737,0.35783446479024505,-0.3023153695586683,0.37567243319464727,0.09564123148558303,0.09278327283420006,0.10528119325391046,0.16394953286251188,0.25546195333840643,0.2380709724224285,0.19616028526817877,0.20701245343221678,0.1435636702015818,0.035231829922682804,0.20477277089362772,0.06306772443930869,0.07859352195434073,0.05432609990062112,0.05699398347785569,0.06967998027805626,0.0891403044262849,0.08440374952496518,0.12749204943039763,0.1259944442011844,0.045145306900910516,0.04351569564647671,0.1341411320346121,0.09379006857378372,0.05560457182464626,0.0137310139260512,0.31137711204712415
NEM,0.14250918767952506,0.1380118590111751,0.0056342862845818464,0.11814198700809543,0.11325971420999227,-0.28296157728222465,0.10714261676715763,-0.006579705478075962,0.26887371028496776,0.6120266926175263,0.5678286351017234,0.3018151024742466,0.410038605201156,0.2932424206263115,0.19286054111348377,0.07664886303052978,0.0427918033107148,0.10251871981792851,0.06520412455513194,0.04207845443495008,0.049677583593891024,0.0641034881518296,0.06839196437629459,0.037806850998842886,0.022394391422187517,0.06675423570354144,0.06728888477776006,0.08971775978205421,0.035204676121261685,0.04074529712174454,0.018766601907652055,0.017960139927734115,-0.001780626487465516,0.0063406690913480595
GOLD,0.14012570842708466,0.13351776193163786,0.029131567563356265,0.11998728019225906,0.09954667538878731,-0.2850347715618968,0.10104570818073805,0.016763506244807342,0.3025378999919195,0.6791913082972555,0.6081927974768878,0.2909357118316566,0.450893237674406,0.3168800787444351,0.18682060107081344,0.05537925247741851,0.023742532940416287,0.09780448465560711,0.06668076374119299,0.04740921437291314,0.04926275738915884,0.03683217075104486,0.07665468954821873,0.028365278678055248,0.004799219697622737,0.06058023490119286,0.06137747304286404,0.10676518021350377,0.02896507969540813,0.044868372793261474,0.008230200076226438,0.021274275900801935,-0.027300084089180728,0.003212371873614069
AEM,0.1436980633090585,0.13272579749486277,0.013644475246329465,0.11298260545542917,0.08888080463900053,-0.2730678887284307,0.0915412828155305,0.011705871215843057,0.3014136083059163,0.6676321199823994,0.5943917714425452,0.3144477236023344,0.42848884598349724,0.3126014757202238,0.19168392150837352,0.07278675827777449,0.03171791078171449,0.10370364627479457,0.06422666087277791,0.04352007510662809,0.052022373198528676,0.03813879296529279,0.07436847197405622,0.030683653112913916,0.01857107495271714,0.0737428930719241,0.07474721721222358,0.09178549798763845,0.034056141612199164,0.04617896861077759,0.00887097082263879,-0.003760203476659543,-0.00039694375212289594,-0.006285092619145922
FNV,0.17612211218366075,0.16365795850934758,0.014597428730738023,0.15386108998909737,0.12552026110365064,-0.2642224664575224,0.12949272081035262,0.020012360081880325,0.25559175234501447,0.5586190494702764,0.4999231116765596,0.28602089884687587,0.3801631827942516,0.2941630698662276,0.18537774226384998,0.06506912195534768,0.011399753043938646,0.11564654319344657,0.06170533645038319,0.012887778808652085,0.040255193363836865,0.07434795380857388,0.08643407319322763,0.03534803852221432,0.02635379557323021,0.08337281875101693,0.08426574386896005,0.07794750035359176,0.028314086824271542,0.03303624773824127,0.03493110511452975,0.001003590700260837,-0.0048972360960752165,0.06417572923599836
WPM,0.14529497758541443,0.1336566505918655,-0.0067916468885394895,0.13150300113385108,0.10761975907582158,-0.2968953325555249,0.10937745490506785,-0.013755584675534782,0.31495104538476704,0.6539487268150695,0.6343076234411305,0.3348511057025693,0.4504240666027705,0.3401268804209925,0.20367689858027915,0.09344184420569081,0.03854688791051618,0.12307345114344466,0.05287840503918771,0.028773440008605145,0.04926329033565185,0.05780410501907092,0.07570171217604957,0.03522152627282641,0.020921043759941426,0.07312053395841495,0.07410499996552596,0.08384621088623247,0.04557677913319881,0.05885661152434302,0.039711395568234886,0.01166273675289869,-0.018949655550515313,0.031349062237093835
PAAS,0.18898956482012008,0.18062448183991,0.021301865347420183,0.1691910996084695,0.14847949661398682,-0.3202962133196039,0.14492478104861212,0.01410051557100931,0.3198271447430643,0.63123292683601,0.6699636165292139,0.34134468892203984,0.48098244239544136,0.3622898062096875,0.2448568997856316,0.07188518557658354,0.032534637533155865,0.11413459187110984,0.07988887856442185,0.05097115653417521,0.05703931752784495,0.05287393761550745,0.09495369548498069,0.04702791490420944,0.038068349663077025,0.08809916837931547,0.08908015073164234,0.10105750665715874,0.04442536323421995,0.06865023661669072,0.02895743903081748,0.028576543284969697,-0.019720221344625432,0.06612120678278231
AG,0.16406559897953807,0.15299443209772598,0.016793217132497696,0.1420277525634667,0.1328000607030783,-0.2949841120448996,0.12214721304474015,0.02754346057477968,0.30869285863877044,0.5679462987777046,0.6430332274173606,0.33796535084703483,0.479375103002903,0.36593147052445635,0.21598473709306654,0.10336168530012084,0.039145830350970405,0.13263199621026364,0.08609901716773803,0.0635362581594802,0.06090595472782389,0.053364560589790264,0.08965564717423816,0.06476132225324426,0.05872912807158987,0.10869905616057711,0.10917149876318491,0.09398655158168757,0.06619797422945746,0.0728354243579344,0.05577425035399174,0.02461879240858926,-0.02418148935391914,0.10478074309758494
HL,0.20915383382671082,0.20522350570585685,0.02251642757735115,0.19086019117598765,0.1715956128643949,-0.31235323151218974,0.1741214653974572,0.026851021459608687,0.3145440008959678,0.5773770643276719,0.6496553461478438,0.36956518535476496,0.48402287679470335,0.3708870939813924,0.2393320371269187,0.09883983078712077,0.02452639189045969,0.15567018221290335,0.08323979764025809,0.06170520456851185,0.05211438914092352,0.06872827768871023,0.0869991404503028,0.06126884332711354,0.05767927887123948,0.1052407752944428,0.10547358628069266,0.1235051223766128,0.06828728142427788,0.07586437567882627,0.04133198585469805,-0.014632572208243913,-0.00978186686814062,0.10108204910760202
FCX,0.30367760778863373,0.3056040576653583,0.08649523691792783,0.2795619577980706,0.26449392348328543,-0.4264971063114641,0.2745602305553041,0.09229172414983186,0.3293888707801555,0.25677543570174544,0.40250340650445465,0.6440337836465511,0.41111666571224037,0.33860971019502356,0.3833993659125572,0.18745582153606524,0.045120418701373274,0.21101486652750848,0.09083046808632436,0.11421617678361365,0.06092099791013309,0.07476197867347831,0.11356029581764356,0.0984046491480645,0.09868466983013759,0.13388501525935817,0.13346292959204756,0.133323617757039,0.05463447560095382,0.11639975239530607,0.11846419635815063,0.042751952353754924,-0.008982916347475164,0.29087908150050057
SCCO,0.27483529411023744,0.2744124192953172,0.08737349553639327,0.26909691031911415,0.2379420931757759,-0.38302176984869757,0.2645506407917182,0.0887169064803532,0.3244001741801793,0.28496782918676955,0.40507066084876686,0.623304916505872,0.40549729170512316,0.3550673759700305,0.3953120466258829,0.17261583128453775,0.044545153101748336,0.19199684426269986,0.07192066403223499,0.10504286594239576,0.05545749140445635,0.07757047202586156,0.08167204306466767,0.10519615712840599,0.1059422817982088,0.1285029683102543,0.12895575520045965,0.12341565395098726,0.07442796346287518,0.11087182985547896,0.08282596729842212,0.030740567218510963,-0.0014107392709233055,0.23617120141276807
AA,0.29696919949853373,0.30593114290016016,0.12484171405323288,0.2617162155210864,0.2723095984080198,-0.3772755920822691,0.2641129422111601,0.12483738428834963,0.2621389369561292,0.17791837916602474,0.3047023310702628,0.4580049084151965,0.3434998757905434,0.30145322091208926,0.44719327791904595,0.15766077091960182,0.02966411707360458,0.19897899477390793,0.07641089680583293,0.08747321209228218,0.05990066196273925,0.0745624417572878,0.09088428261915293,0.11216676435724617,0.12153924797083517,0.10791145892400901,0.10812325932934627,0.09522215767536095,0.030816001795185524,0.10679728815031736,0.10538138649716931,0.07074570373310951,-0.003922455083030671,0.25302164068497757
RIO,0.25552144176175523,0.2515098995403463,0.10550211101029872,0.25081127879566995,0.22872493788471535,-0.3875561269591297,0.2425893183703412,0.0881602840398626,0.3261907622919964,0.24382384670273807,0.37360914797579553,0.526227249411431,0.39426037111570666,0.3411947392991263,0.3871103685280193,0.19781128650211066,0.0592493515763473,0.21968832218146891,0.08996977697324467,0.13794436768162827,0.07733818152254675,0.07733414975418282,0.11017739746375525,0.1138011344015255,0.11838439575948488,0.09697640321143856,0.0976799751870376,0.12721283436964034,0.027639090537849843,0.11319431605556239,0.1029545955227274,0.04630858449068839,0.01107134711744875,0.21351853353829323
BHP,0.2760817286954125,0.27336629971231546,0.08861673463746841,0.26368712704687003,0.23561409809590336,-0.4464917856326332,0.2514439577012891,0.08169899683741305,0.3784671966826531,0.25113923149947637,0.3731915187288722,0.535728983079347,0.4030345174512758,0.3453658189309822,0.36426724008513267,0.20224095303533066,0.0719526516403629,0.22078475406926948,0.10512922311126784,0.11793271177086745,0.081871262749575,0.06773795571732548,0.11171791689150168,0.10650326533084235,0.11122129146563357,0.11902549109356754,0.11929045549371325,0.12248717201295709,0.0193773025899387,0.11388799724384496,0.10565999234047253,0.052662510949670935,0.009357421651041038,0.22546974617718957
VALE,0.2426873281950076,0.24540012927170565,0.05061954324658397,0.2489740030272639,0.23512700132126202,-0.35775014784691545,0.2533999676425783,0.0644237769355266,0.2897069909826073,0.2005219226424164,0.307980400964903,0.4533304502920873,0.3348128984729493,0.27523898470580394,0.3195992293401026,0.21873093549157382,0.0905687254600062,0.20797631053431825,0.1116673010560589,0.1388820581416632,0.08223405052313738,0.05851724043756929,0.11878008953928719,0.11036275199654656,0.10435812035253691,0.11983688863790619,0.12103259660034285,0.16550960826647418,0.03389841817683406,0.10212204824829473,0.06338452349133686,0.02172084803631018,0.04060172377203091,0.19787972054284428
GLNCY,0.30827805640213357,0.3127234703315768,0.10244164316594588,0.2868544830831906,0.2850994440051609,-0.384063602331465,0.27068678703851234,0.08415025524105763,0.3245856175458705,0.23012975557127338,0.3708588620255102,0.5604937163167781,0.4070502957597273,0.32671386323114165,0.38532783305277213,0.18847890000582398,0.05722903950925673,0.20992464957935275,0.07890184560269371,0.1352630686125023,0.06480136060492418,0.057668242608217665,0.0962238604615377,0.14300530542113174,0.1518949147841958,0.13312290129906518,0.13376318948283386,0.13627672418119358,0.04486791805615367,0.11179744312532071,0.08695864893684412,0.06410189449257846,0.009040922423269575,0.2622309438161393
LAC,0.02923645412364676,0.04633439793070604,-0.013195286238557612,0.039850176262687574,0.02799866139250678,-0.22659441591589038,0.06628119297531287,0.010722716880694386,0.20868763967913434,0.054583986708149526,0.1680800254918623,0.19551439060479253,0.22164223147025555,0.19056102067115435,0.15281064695739052,-0.012336485413171259,-0.07681366150453646,0.06011631766687972,-0.07738662809625886,0.0010594518042784567,0.014377190520523905,-0.007083447893511141,-0.05948916570864448,-0.06210232050251068,-0.06669371981806077,-0.05117011825903816,-0.05116999278066386,-0.02296675871662916,-0.01057784602342615,0.06935013363123305,0.05861460812262669,0.01402735519867153,0.011110628603072705,0.04437004221504156
MP,0.1438493158281116,0.15415600984887898,0.07205591869913058,0.13765119075785273,0.11691443911998849,-0.2531574157780661,0.13301064399926268,0.0629777514651135,0.19302525406396162,0.13737909042096327,0.22462176178344054,0.25347134738336685,0.24575630365823137,0.20220396212480224,0.14091739021621155,0.08581426487513956,0.05127514233067352,0.08036517641405978,0.025838320869433017,0.0267972717538264,0.029952115277857738,0.00967733010552076,0.05695397139142808,0.03318622160924791,0.03795068262251679,0.02104695376953816,0.021019030469573225,0.058586587578853384,0.04432410046764331,0.04459049017998586,0.045221060750119196,0.0333476525237494,-0.041669615182295054,0.16213896748424095
SBSW,0.21047897072915922,0.20408739472007215,0.04680964060824168,0.18985617007045508,0.1719635940935408,-0.3634555515935002,0.1795555137719539,0.03851031217745221,0.3351254174061161,0.4662760594944681,0.5167444165262983,0.40237103574271676,0.49268859020165573,0.49298566535483684,0.27633156038774137,0.13625944507750762,0.05137558557401163,0.16077179647005296,0.09899925009210774,0.11427973570065529,0.07783333725823441,0.04939510104366515,0.10585244763181967,0.062326708008153514,0.06994190952999445,0.11041989952723166,0.10995336869309125,0.11961254746878462,0.0884485243164867,0.07713213269423526,0.048986775215069875,0.049638814848401,-0.011097808553260103,0.12689645076012995
TECK,0.3221770611464842,0.32696732501033804,0.06952824597015342,0.2953489500326141,0.2633665823858006,-0.3745127018030401,0.28279331341723835,0.06905683961624712,0.25529435849575166,0.23109830448767318,0.33954083848070893,0.5620199445155606,0.39119821712798797,0.3174895952725632,0.35180503115840933,0.17325764643692348,0.042266205543934156,0.20084842085807142,0.10927810221374955,0.12524901659931592,0.0511192368863502,0.04151365048428737,0.12531585534905537,0.14220035745454046,0.14704037498722072,0.15850124163105953,0.15896735581714794,0.12167788255120418,0.054390382411529964,0.10806441492321742,0.09759207908416137,0.06095374931398163,-0.0007430516539259255,0.2759018434205615
CLF,0.20115540829286008,0.20560504030590737,0.08562028358241398,0.16061830319678094,0.16502592760979368,-0.3369182636908731,0.1694769181225451,0.09741849418391804,0.1987593803030195,0.12438269964915981,0.22340369812948346,0.32772273328514684,0.24184229786246242,0.2163101442348907,0.23098264175145158,0.1108841138785821,0.06625215842439532,0.1374011122458066,0.07864719511268901,0.06928375386310322,0.07763545902727055,0.05712195966638463,0.09015960542406068,0.07465706777402174,0.0799682358611166,0.07504746193901299,0.07520610129315601,0.05513429074187096,0.047312971670376056,0.1000492761196086,0.08612565525995418,0.06071980378131611,-0.005982397815118577,0.24548862656475412
X,0.17876800189211126,0.18918882667680603,0.10353952234176013,0.16325906251146757,0.17311427094263063,-0.2482350418804675,0.15851299170245212,0.1254851790246943,0.14691707513729937,0.06064316029813395,0.13661641936001465,0.23224609467970483,0.16422453082398725,0.16106160119049193,0.1627924018260517,0.11891095639355027,0.06674399428943802,0.1551812705631293,0.07662232154634374,0.0633260307153549,0.06555525508609981,0.0424351507763339,0.06655962831192577,0.08011201331306297,0.10351306087283696,0.04698842659751247,0.04695741017015068,0.043902783823039096,0.03818297346095997,0.07363178496991737,0.06450742988739466,0.07792470078977018,0.006503898224391067,0.24158718317295932
NUE,0.18576167564846927,0.19485882942173888,0.06420329548508316,0.17987748333689021,0.17314622329881896,-0.3066589818162051,0.17839203063128167,0.07809976224238864,0.16858322642942727,0.06678568050876671,0.15681264075416335,0.2917670714002516,0.19367321269925625,0.19538533656996468,0.18150711700218844,0.12965612141715308,0.07579219963755553,0.1486513688299912,0.03965522268920777,0.04627011359061949,0.06160715494554403,0.03630980473548436,0.03904674633305953,0.08149810651372534,0.08624361490747935,0.07472581108137434,0.07434601466306766,0.050367604940191664,0.04192296332845801,0.09004168839794477,0.09876852661530572,0.05768394464196493,-0.00910594842802722,0.24315030964910897
ADM,0.23004251899260525,0.24314950170901314,0.11715744627128298,0.23520100682926595,0.22179019782584136,-0.22754432877083666,0.2311886384577075,0.10538326853447451,0.09200829522197451,0.04714387636293343,0.12078478331967094,0.2028641572649628,0.18788310315358195,0.19361371963844975,0.15165326502251855,0.14776110757548802,0.05163894796004911,0.1907201136060899,0.09933607063106271,0.09740440971068876,0.04809195228135126,0.07413419359162622,0.10509256842149498,0.08750955293222204,0.07327616933288522,0.09966333932256012,0.099139789368919,0.019972593095603834,0.052826541513244576,0.06516529770216685,0.0766234193118897,0.054952581607486964,0.0015011156223502633,0.2250124670472566
BG,0.21476700552486358,0.22036286467527313,0.1408131870397668,0.20662330407946336,0.19052266092132264,-0.23879948819364422,0.21182442339534516,0.14930841918518156,0.09195788845981875,0.05683145436328363,0.13165179283675407,0.18676708868768563,0.18517270462438695,0.1707584223298629,0.1317673475028991,0.1578480145057575,0.07072804643913803,0.1978198611534033,0.12839748864189837,0.1189607118880626,0.05807355515348044,0.07621019511819196,0.1156067655542577,0.07258437594184183,0.06808821270654908,0.13918745398603505,0.1382423168208429,0.027877711732630334,0.04813859022857911,0.035269472442606954,0.07535821040933,0.040850014688895264,0.015711699687477012,0.20024588876250865
DE,0.1783499671528566,0.1897256391144255,0.10047312183532345,0.17170493151603744,0.15664026813604442,-0.28130348650982007,0.1813170396985266,0.07857706621441664,0.1744261110345342,0.09027077543034821,0.15482127390609934,0.2656537277539553,0.22506191162260034,0.22032230669669617,0.17772038445234145,0.12517495192728298,0.042315323609694325,0.12776548103919944,0.10567023574931972,0.11239193711898872,0.10133023827067948,0.06636458559466621,0.11283348864138538,0.09358381531373693,0.09508906091034071,0.08436573243772698,0.08343782788377621,0.048742542959178015,0.030881343857257534,0.08550257410623587,0.06565196590837452,-0.007174432477486666,-0.027345655847318115,0.2293887229658948
NTR,0.2913629613053112,0.2921728474800889,0.12259124812109455,0.2708838126752262,0.26016167376231175,-0.33504247311655877,0.27108996064480667,0.1162412655479244,0.18363490287334086,0.13211104594272027,0.21590240055542312,0.3367882288615084,0.2890037364732401,0.2300737480022952,0.2023070164418289,0.1787376871188686,0.0714648139337035,0.16515657778614823,0.11829621412853149,0.12894830900800203,0.07288622954488269,0.10567721323649353,0.12825147982111446,0.12261139992951263,0.1043374921945518,0.14062398564238643,0.13888424261908983,0.11152193376077679,0.059064946096227804,0.09881448043520441,0.05788192831423219,0.07433875169399748,-0.011585506320509406,0.24844748744080483
TSN,0.07154210850593626,0.07754779434790865,-0.003957285542458734,0.08786878493831425,0.0856220180545398,-0.15735002409632498,0.08977315805918971,-0.007381928846907707,0.07819083833472026,0.00994544516223788,0.04433321949448499,0.06367339307464448,0.09566439138321636,0.03823954096483696,0.0523599886943261,0.054946349516150426,0.006734388481048545,0.07254585167866924,0.013454745935246905,-0.02714272353776025,-0.003467373087431173,0.028133199740600988,0.00851790112022776,0.02113979269488653,0.029525516834414775,0.00113652408167744,0.0006150619097154118,0.03791794864316228,0.023465835601071915,0.02378541921175826,0.07296249230315549,0.0198454437744581,0.02208249451740508,0.09593709183663734
SJM,-0.010387616229841039,-0.019989645214147023,0.0057267416327956315,-0.002194237206328476,0.001593034512125775,-0.03452849205902873,-0.008780996860723363,-0.010634546204000214,0.009444270013961873,0.03367154180181585,-0.006560470429143391,-0.038552314640983694,0.014920971517154503,-0.03298402039640923,0.00021679312919944087,-0.004387565530814812,4.6137490562794856e-05,0.020282003247178836,0.04077163235327495,0.004740404035325521,0.015566856917797443,0.0008492217774621004,0.028949900259377062,-0.007554522419138531,-0.01837756111524595,-0.0062029455318574666,-0.007035508609742837,0.011968144887928123,-0.009822418162414328,-0.015173619488199038,0.01614544489537822,-0.04286246982129806,0.04396971684213613,-0.0018819354228143588
