Stock,Commodity,Cluster,Correlation,P_Value,Significant,Abs_Corr
SCCO,HG=F,0,0.6193502103222929,4.4715188687544105e-141,True,0.6193502103222929
GOLD,SI=F,0,0.5820544920937053,6.623808934850528e-121,True,0.5820544920937053
COP,BZ=F,0,0.5768913866128494,2.5772348676846323e-118,True,0.5768913866128494
DVN,BZ=F,0,0.5718839428578074,7.57461172955343e-116,True,0.5718839428578074
EOG,BZ=F,0,0.5683374656899728,3.998448595519257e-114,True,0.5683374656899728
AEM,SI=F,0,0.55291324373017,7.163442793995951e-107,True,0.55291324373017
SLB,BZ=F,0,0.5428092325974092,2.538704749037725e-102,True,0.5428092325974092
TECK,HG=F,0,0.541117113129366,1.4172713440794617e-101,True,0.541117113129366
XOM,BZ=F,0,0.5408549529832517,1.84833447630782e-101,True,0.5408549529832517
GLNCY,HG=F,0,0.5404328766732283,2.8329794654071502e-101,True,0.5404328766732283
NEM,SI=F,0,0.5402725874166279,3.3312440187009296e-101,True,0.5402725874166279
COP,QU=F,0,0.5381485570716769,2.8276602808886703e-100,True,0.5381485570716769
HES,BZ=F,0,0.5335729634942052,2.6909262045215077e-98,True,0.5335729634942052
COP,RB=F,0,0.5267272829833564,2.156834601100937e-95,True,0.5267272829833564
BP,BZ=F,0,0.52478219434277,1.402315295269446e-94,True,0.52478219434277
BHP,HG=F,0,0.5227428929318793,9.853613413647982e-94,True,0.5227428929318793
RIO,HG=F,0,0.5223792471703614,1.3930978378324e-93,True,0.5223792471703614
XOM,QU=F,0,0.5189347301486456,3.626136061795559e-92,True,0.5189347301486456
SHEL,BZ=F,0,0.5166828625914303,2.9926229057597193e-91,True,0.5166828625914303
XOM,RB=F,0,0.513559772280079,5.444382881738457e-90,True,0.513559772280079
CVX,RB=F,0,0.5067251935241166,2.804260828339355e-87,True,0.5067251935241166
CVX,BZ=F,0,0.5025941493665834,1.1410818447224251e-85,True,0.5025941493665834
MPC,QU=F,0,0.5007007331131013,6.132807307368118e-85,True,0.5007007331131013
CVX,QU=F,0,0.4981916693674453,5.603050328585682e-84,True,0.4981916693674453
MPC,RB=F,0,0.4941414513381345,1.916617902176953e-82,True,0.4941414513381345
VLO,QU=F,0,0.48313370397024413,2.2350356106011313e-78,True,0.48313370397024413
VLO,RB=F,0,0.48162596870509883,7.84936870578958e-78,True,0.48162596870509883
PSX,QU=F,0,0.4802699218575092,2.4164278780945804e-77,True,0.4802699218575092
BP,RB=F,0,0.479486609402063,4.615945969233737e-77,True,0.479486609402063
SLB,RB=F,0,0.47791064806390926,1.688793557010836e-76,True,0.47791064806390926
SLB,QU=F,0,0.47715117244630834,3.147717307700284e-76,True,0.47715117244630834
HES,QU=F,0,0.47316839491464335,8.035299114234921e-75,True,0.47316839491464335
BP,QU=F,0,0.47228342117556293,1.6410509398113947e-74,True,0.47228342117556293
EOG,RB=F,0,0.47094566848730035,4.810419402843027e-74,True,0.47094566848730035
EOG,QU=F,0,0.46989447302494647,1.1162031935597173e-73,True,0.46989447302494647
SHEL,RB=F,0,0.4688692108752522,2.529637441634692e-73,True,0.4688692108752522
FNV,SI=F,0,0.46844932980096954,3.53365050158509e-73,True,0.46844932980096954
HES,RB=F,0,0.467515508098739,7.419056681478612e-73,True,0.467515508098739
PSX,RB=F,0,0.46447644602706006,8.161954686393684e-72,True,0.46447644602706006
TTE,BZ=F,0,0.4599141267856147,2.8551329108772318e-70,True,0.4599141267856147
COP,HO=F,0,0.45916173472678423,5.104869390066083e-70,True,0.45916173472678423
DVN,QU=F,0,0.45910306946672713,5.3411515992384096e-70,True,0.45910306946672713
BKR,BZ=F,0,0.45640557511549495,4.23688176895e-69,True,0.45640557511549495
XOM,HO=F,0,0.45592868077802146,6.098409506584017e-69,True,0.45592868077802146
SHEL,QU=F,0,0.4541887855163314,2.2917021919792447e-68,True,0.4541887855163314
DVN,RB=F,0,0.4521873023096148,1.0409577544930931e-67,True,0.4521873023096148
VALE,HG=F,0,0.4512509465760627,2.1058378599603815e-67,True,0.4512509465760627
EOG,HO=F,0,0.4510671370713064,2.4175753487419648e-67,True,0.4510671370713064
DVN,HO=F,0,0.44955450095575006,7.505503146302198e-67,True,0.44955450095575006
KMI,RB=F,0,0.4452123978964049,1.8792196942508667e-65,True,0.4452123978964049
KMI,QU=F,0,0.44452619402447946,3.1128313446810204e-65,True,0.44452619402447946
GOLD,PL=F,0,0.4404202140254315,6.225615392560834e-64,True,0.4404202140254315
SLB,HO=F,0,0.4377683989869091,4.216887185435339e-63,True,0.4377683989869091
BP,HO=F,0,0.43553574963409103,2.0834274982588125e-62,True,0.43553574963409103
GLNCY,PL=F,0,0.4343915538456308,4.702458067819398e-62,True,0.4343915538456308
BKR,RB=F,0,0.43261891438324507,1.6496126608676985e-61,True,0.43261891438324507
PSX,BZ=F,0,0.42925819846745406,1.7453417864564104e-60,True,0.42925819846745406
BHP,PL=F,0,0.4279075094606897,4.470762874710764e-60,True,0.4279075094606897
PBR,BZ=F,0,0.42502445128863725,3.2820246331123575e-59,True,0.42502445128863725
BKR,QU=F,0,0.4249954387265481,3.3482001949574047e-59,True,0.4249954387265481
HES,HO=F,0,0.423033988252958,1.2852052805481063e-58,True,0.423033988252958
TTE,RB=F,0,0.4216939649758348,3.205105669609153e-58,True,0.4216939649758348
CVX,HO=F,0,0.41867341664880864,2.476651458688271e-57,True,0.41867341664880864
SHEL,HO=F,0,0.41714070182260726,6.93450384524386e-57,True,0.41714070182260726
KMI,BZ=F,0,0.415672811173322,1.8496252135849435e-56,True,0.415672811173322
TTE,QU=F,0,0.4139807141706494,5.696476623212132e-56,True,0.4139807141706494
RIO,PL=F,0,0.413601216229885,7.324635931914691e-56,True,0.413601216229885
AEM,PL=F,0,0.4100947883008029,7.361015021397047e-55,True,0.4100947883008029
PBR,QU=F,0,0.4100898039330094,7.385055606840181e-55,True,0.4100898039330094
SCCO,PL=F,0,0.40858622182481574,1.9698290380122455e-54,True,0.40858622182481574
WMB,BZ=F,0,0.404966801020995,2.0472215752398761e-53,True,0.404966801020995
PBR,RB=F,0,0.4020677190949385,1.3077755826561221e-52,True,0.4020677190949385
EMR,QU=F,0,0.40198256238673896,1.3806045890015293e-52,True,0.40198256238673896
WMB,QU=F,0,0.4005757048169979,3.3721946662967155e-52,True,0.4005757048169979
NEM,PL=F,0,0.4000725737815498,4.6362068604887015e-52,True,0.4000725737815498
EMR,RB=F,0,0.3935972963273111,2.6562998797641543e-50,True,0.3935972963273111
VLO,BZ=F,0,0.3924464821937899,5.403258650384789e-50,True,0.3924464821937899
VLO,HO=F,0,0.388836777882149,4.9206036115000454e-49,True,0.388836777882149
MPC,BZ=F,0,0.38827102509135925,6.939005991084639e-49,True,0.38827102509135925
BKR,HO=F,0,0.3872117917470798,1.3182558144307157e-48,True,0.3872117917470798
WMB,RB=F,0,0.3871822945003672,1.3419807557536837e-48,True,0.3871822945003672
PSX,HO=F,0,0.3860237480237818,2.7000920054667245e-48,True,0.3860237480237818
TECK,BZ=F,0,0.3855860730556737,3.513720102754136e-48,True,0.3855860730556737
TECK,PL=F,0,0.383615985694427,1.1442235285850464e-47,True,0.383615985694427
TTE,HO=F,0,0.38129406722914505,4.553308994068285e-47,True,0.38129406722914505
SCCO,SI=F,0,0.3802237779238793,8.573966202981627e-47,True,0.3802237779238793
LNG,QU=F,0,0.37936768932890547,1.420007307327276e-46,True,0.37936768932890547
MPC,HO=F,0,0.375102589320085,1.714666789373739e-45,True,0.375102589320085
AME,QU=F,0,0.37485206873736426,1.982555653646096e-45,True,0.37485206873736426
AME,RB=F,0,0.3746119348625,2.2782694709675542e-45,True,0.3746119348625
GLNCY,RB=F,0,0.3681083032416653,9.410780583832806e-44,True,0.3681083032416653
NTR,QU=F,0,0.3585441438618987,1.9208499799158046e-41,True,0.3585441438618987
LNG,BZ=F,0,0.35841982513079956,2.0559019105820712e-41,True,0.35841982513079956
BHP,SI=F,0,0.3572027465903401,3.99210061848029e-41,True,0.3572027465903401
BHP,BZ=F,0,0.3559344001622266,7.947034470445094e-41,True,0.3559344001622266
NTR,RB=F,0,0.3554642928633449,1.0249061328786264e-40,True,0.3554642928633449
GLNCY,SI=F,0,0.3553611615778539,1.0836669281595665e-40,True,0.3553611615778539
GLNCY,BZ=F,0,0.3550503099687059,1.2817961186584924e-40,True,0.3550503099687059
GLNCY,QU=F,0,0.3549561811021732,1.3486048186365395e-40,True,0.3549561811021732
RIO,SI=F,0,0.3541050536560113,2.1333774341144798e-40,True,0.3541050536560113
BHP,RB=F,0,0.35410057404968165,2.1385253976608806e-40,True,0.35410057404968165
BP,HG=F,0,0.35361170453122626,2.7812715926612332e-40,True,0.35361170453122626
PBR,HO=F,0,0.3525122939084988,5.013867030727601e-40,True,0.3525122939084988
FNV,PL=F,0,0.3522996005680369,5.61782467364018e-40,True,0.3522996005680369
LNG,RB=F,0,0.35207897597247617,6.3207037290906e-40,True,0.35207897597247617
VALE,PL=F,0,0.3490496623645153,3.1595261542810764e-39,True,0.3490496623645153
EMR,BZ=F,0,0.3471331061147704,8.66606847726484e-39,True,0.3471331061147704
PH,QU=F,0,0.34704254539603485,9.08766872313114e-39,True,0.34704254539603485
C,RB=F,0,0.34425527665518907,3.8913261277158046e-38,True,0.34425527665518907
BHP,QU=F,0,0.34394665469322994,4.567126576187604e-38,True,0.34394665469322994
C,QU=F,0,0.34343332251059133,5.958607257663831e-38,True,0.34343332251059133
NTR,HG=F,0,0.34223097385285106,1.108743291175905e-37,True,0.34223097385285106
GD,RB=F,0,0.3415883828106505,1.543398374732463e-37,True,0.3415883828106505
CAT,QU=F,0,0.3412564650144211,1.8303905014547295e-37,True,0.3412564650144211
KMI,HO=F,0,0.3401956663345654,3.1524763475488996e-37,True,0.3401956663345654
TECK,RB=F,0,0.33902449520962186,5.731393257986331e-37,True,0.33902449520962186
CAT,RB=F,0,0.3376270209934453,1.1656610241460325e-36,True,0.3376270209934453
SHEL,HG=F,0,0.3370280771677562,1.57843469902141e-36,True,0.3370280771677562
SCCO,RB=F,0,0.3352109459528292,3.9434393200606965e-36,True,0.3352109459528292
RIO,RB=F,0,0.334954742299851,4.4846285003813046e-36,True,0.334954742299851
PH,RB=F,0,0.3346519426456198,5.2199610927939444e-36,True,0.3346519426456198
SHEL,PL=F,0,0.33384366417412437,7.822122781192713e-36,True,0.33384366417412437
TTE,PL=F,0,0.333032550964526,1.1723834668837868e-35,True,0.333032550964526
TECK,QU=F,0,0.33213711882892094,1.8300824996626385e-35,True,0.33213711882892094
MA,QU=F,0,0.3320777998901426,1.8847772372401238e-35,True,0.3320777998901426
GD,QU=F,0,0.33168776449623005,2.28708726084227e-35,True,0.33168776449623005
BP,PL=F,0,0.331364352180902,2.684484409609599e-35,True,0.331364352180902
HON,QU=F,0,0.3287903228161223,9.542275032268599e-35,True,0.3287903228161223
MA,RB=F,0,0.32826534923093315,1.2340633563326932e-34,True,0.32826534923093315
SRE,RB=F,0,0.3280158992132896,1.3942154903412142e-34,True,0.3280158992132896
VALE,RB=F,0,0.32743752671365534,1.8493006223805055e-34,True,0.32743752671365534
NTR,BZ=F,0,0.3270081252433117,2.279897876678549e-34,True,0.3270081252433117
VALE,QU=F,0,0.3269266061679125,2.3722319259011196e-34,True,0.3269266061679125
SCCO,QU=F,0,0.3266080760125203,2.769986152844534e-34,True,0.3266080760125203
CAT,BZ=F,0,0.32573312344676764,4.2362624246131265e-34,True,0.32573312344676764
SRE,QU=F,0,0.32382990033711245,1.0622701321099144e-33,True,0.32382990033711245
TTE,HG=F,0,0.3237848565578382,1.0855491806526205e-33,True,0.3237848565578382
RIO,QU=F,0,0.3227497776773533,1.7846366607253184e-33,True,0.3227497776773533
MS,QU=F,0,0.3223040344552435,2.209352269463774e-33,True,0.3223040344552435
CVX,HG=F,0,0.3216199079491949,3.0638021831370617e-33,True,0.3216199079491949
BAC,QU=F,0,0.32030842680243954,5.720620413197811e-33,True,0.32030842680243954
WMB,HO=F,0,0.31967267769818075,7.734216398042582e-33,True,0.31967267769818075
DOV,QU=F,0,0.31937372344502657,8.910373824727539e-33,True,0.31937372344502657
MS,RB=F,0,0.31914712625697705,9.918566375498926e-33,True,0.31914712625697705
HON,RB=F,0,0.3183153506461821,1.4688882689629145e-32,True,0.3183153506461821
CAT,HG=F,0,0.3183094075715053,1.473008787287594e-32,True,0.3183094075715053
SLB,HG=F,0,0.31630478672071843,3.775663274997527e-32,True,0.31630478672071843
DOV,RB=F,0,0.31618914733194836,3.985470082853061e-32,True,0.31618914733194836
V,QU=F,0,0.3153752406656958,5.827608258673435e-32,True,0.3153752406656958
KMI,PL=F,0,0.3150534378140735,6.77003454321594e-32,True,0.3150534378140735
BAC,RB=F,0,0.31374572116554084,1.2425601189270632e-31,True,0.31374572116554084
RTX,RB=F,0,0.3132606293576235,1.555284644415093e-31,True,0.3132606293576235
AXP,QU=F,0,0.31165760435811873,3.256059582619477e-31,True,0.31165760435811873
CVX,PL=F,0,0.31052841360522887,5.464370750616198e-31,True,0.31052841360522887
RTX,QU=F,0,0.3103052059595707,6.051598877228426e-31,True,0.3103052059595707
TECK,HO=F,0,0.30925199318713414,9.784254793561161e-31,True,0.30925199318713414
NUE,HG=F,0,0.30882728582636965,1.186939767751242e-30,True,0.30882728582636965
AXP,RB=F,0,0.3088017081961486,1.2008178622408347e-30,True,0.3088017081961486
COP,HG=F,0,0.30859848757918806,1.3169540827563974e-30,True,0.30859848757918806
AEM,HG=F,0,0.30847525608347437,1.3927323710218999e-30,True,0.30847525608347437
BG,QU=F,0,0.3075614359656423,2.107075542449604e-30,True,0.3075614359656423
BG,RB=F,0,0.3069727093516739,2.7490755083450476e-30,True,0.3069727093516739
V,RB=F,0,0.30648264043105317,3.42874816199835e-30,True,0.30648264043105317
RIO,BZ=F,0,0.3064074461157871,3.546838846307711e-30,True,0.3064074461157871
GLNCY,HO=F,0,0.30564435043179816,4.998481860410934e-30,True,0.30564435043179816
SYK,RB=F,0,0.3046944252222017,7.650609300850764e-30,True,0.3046944252222017
NTR,PL=F,0,0.3040976967837912,9.987828200342833e-30,True,0.3040976967837912
BKR,PL=F,0,0.3034411988310335,1.338230517541341e-29,True,0.3034411988310335
JPM,QU=F,0,0.30299289134322144,1.633465396077854e-29,True,0.30299289134322144
BLK,QU=F,0,0.3023712562342296,2.1523430462780464e-29,True,0.3023712562342296
DVN,HG=F,0,0.30180191338271256,2.769360190009904e-29,True,0.30180191338271256
GS,RB=F,0,0.30107893183052253,3.810970083276851e-29,True,0.30107893183052253
LMT,RB=F,0,0.3008646908143796,4.188397472781599e-29,True,0.3008646908143796
VALE,BZ=F,0,0.3001001827644879,5.862960434431995e-29,True,0.3001001827644879
JPM,RB=F,0,0.29954104221557637,7.493244386156586e-29,True,0.29954104221557637
WMB,HG=F,0,0.2994526428910489,7.789225530732204e-29,True,0.2994526428910489
LNG,HO=F,0,0.2990003504264952,9.494760004039683e-29,True,0.2990003504264952
XOM,HG=F,0,0.2986527489424552,1.105263062255814e-28,True,0.2986527489424552
TECK,SI=F,0,0.2985671992422904,1.1473364869388232e-28,True,0.2985671992422904
SYK,QU=F,0,0.2980437981415337,1.4415790090015437e-28,True,0.2980437981415337
KMI,HG=F,0,0.29768304458913114,1.686772397539052e-28,True,0.29768304458913114
HES,HG=F,0,0.29740130183578717,1.9066281198134762e-28,True,0.29740130183578717
BKR,HG=F,0,0.2973639716623274,1.937812093419202e-28,True,0.2973639716623274
SCCO,BZ=F,0,0.2971901140643758,2.089833522787932e-28,True,0.2971901140643758
ITW,QU=F,0,0.29611177267194333,3.3346311739772257e-28,True,0.29611177267194333
LMT,QU=F,0,0.29602138597217637,3.467516446982517e-28,True,0.29602138597217637
ETN,QU=F,0,0.29524537130603407,4.8469677149329065e-28,True,0.29524537130603407
NEM,HG=F,0,0.29481266992989297,5.8395370498737495e-28,True,0.29481266992989297
DOV,PL=F,0,0.29420046445997583,7.596495217517392e-28,True,0.29420046445997583
MDT,QU=F,0,0.29393548325319757,8.510816787879067e-28,True,0.29393548325319757
COP,PL=F,0,0.2938532672953297,8.816069099890399e-28,True,0.2938532672953297
GS,QU=F,0,0.2931540844364693,1.1891009262100869e-27,True,0.2931540844364693
ITW,RB=F,0,0.2931325500130881,1.2000936903939008e-27,True,0.2931325500130881
CAT,HO=F,0,0.2931140921889549,1.2095960154357167e-27,True,0.2931140921889549
WFC,QU=F,0,0.2930885877236632,1.2228488046261506e-27,True,0.2930885877236632
C,BZ=F,0,0.2930498649867018,1.2432456257884256e-27,True,0.2930498649867018
GOLD,HG=F,0,0.29274953081817306,1.4133176810031894e-27,True,0.29274953081817306
DE,HG=F,0,0.2925095968033526,1.5655835706531195e-27,True,0.2925095968033526
EMR,HG=F,0,0.29222427670952994,1.7679210263575335e-27,True,0.29222427670952994
EOG,HG=F,0,0.2920077268008995,1.9385909743485505e-27,True,0.2920077268008995
EMR,HO=F,0,0.2906785574816956,3.407118907565157e-27,True,0.2906785574816956
BLK,RB=F,0,0.29057726680340423,3.5562863123323576e-27,True,0.29057726680340423
ADM,RB=F,0,0.28983985820037533,4.855652080684129e-27,True,0.28983985820037533
MDT,RB=F,0,0.28902448139258896,6.844352952477215e-27,True,0.28902448139258896
ETN,RB=F,0,0.2887328100804898,7.736476993578376e-27,True,0.2887328100804898
DE,QU=F,0,0.2886238528351978,8.098502527281048e-27,True,0.2886238528351978
HON,PL=F,0,0.28846955657098383,8.640044635157521e-27,True,0.28846955657098383
ADM,QU=F,0,0.28514091617618936,3.457079545387527e-26,True,0.28514091617618936
GE,QU=F,0,0.2838261831645008,5.94742211626261e-26,True,0.2838261831645008
WFC,RB=F,0,0.2834918167542789,6.824189496803173e-26,True,0.2834918167542789
MCD,QU=F,0,0.2823220731499585,1.1024085095790424e-25,True,0.2823220731499585
DE,RB=F,0,0.28208651582061306,1.2138553387286433e-25,True,0.28208651582061306
LOW,QU=F,0,0.2820223570214129,1.246096457497366e-25,True,0.2820223570214129
BHP,HO=F,0,0.2819289361672036,1.294563866778981e-25,True,0.2819289361672036
PH,PL=F,0,0.28134268678680674,1.6442693032615063e-25,True,0.28134268678680674
BG,BZ=F,0,0.2811732675061468,1.7617236763234804e-25,True,0.2811732675061468
MCD,RB=F,0,0.280847862220675,2.0110977223035475e-25,True,0.280847862220675
ROK,RB=F,0,0.28013005891634407,2.691469528964039e-25,True,0.28013005891634407
VALE,HO=F,0,0.27988003344987056,2.9784065915186876e-25,True,0.27988003344987056
XOM,PL=F,0,0.2793087261704239,3.752680281687473e-25,True,0.2793087261704239
DAR,RB=F,0,0.277490536496066,7.801197723170569e-25,True,0.277490536496066
VALE,SI=F,0,0.2772246045026044,8.67853416516408e-25,True,0.2772246045026044
WMB,PL=F,0,0.2771563296482509,8.919105550482877e-25,True,0.2771563296482509
DAR,QU=F,0,0.2768110284211259,1.0240650274908264e-24,True,0.2768110284211259
EXC,RB=F,0,0.2759756345907031,1.4293775588023254e-24,True,0.2759756345907031
DE,PL=F,0,0.2750881250374778,2.0344711591005512e-24,True,0.2750881250374778
AME,BZ=F,0,0.2746318868324984,2.4380364196461693e-24,True,0.2746318868324984
IBM,RB=F,0,0.27456238846099434,2.506100200187642e-24,True,0.27456238846099434
MPC,HG=F,0,0.27427160079906043,2.811870334270072e-24,True,0.27427160079906043
PH,HG=F,0,0.27420315639081094,2.8890465355359457e-24,True,0.27420315639081094
MPC,PL=F,0,0.273711853511902,3.508047601918896e-24,True,0.273711853511902
UNH,QU=F,0,0.27340838998515005,3.954172243774191e-24,True,0.27340838998515005
NTR,HO=F,0,0.2725328588718949,5.58064798710596e-24,True,0.2725328588718949
FNV,HG=F,0,0.2713617211130368,8.830337597845668e-24,True,0.2713617211130368
DAR,PL=F,0,0.2712311318467968,9.292639393522796e-24,True,0.2712311318467968
LOW,RB=F,0,0.2710806273182124,9.855201919321664e-24,True,0.2710806273182124
GM,PL=F,0,0.2704364280149415,1.266902426965783e-23,True,0.2704364280149415
IBM,QU=F,0,0.2700324056746585,1.4825271838060888e-23,True,0.2700324056746585
EXC,QU=F,0,0.2693724937728773,1.9153363883911744e-23,True,0.2693724937728773
ROK,QU=F,0,0.26926343662833746,1.9980171095266447e-23,True,0.26926343662833746
ECL,RB=F,0,0.26876810015873553,2.4202334621825414e-23,True,0.26876810015873553
EOG,ZL=F,0,0.26875031696503726,2.4369302032897983e-23,True,0.26875031696503726
PSX,HG=F,0,0.26755961103871845,3.8570437470124246e-23,True,0.26755961103871845
UNH,RB=F,0,0.26715220580545923,4.510798887828304e-23,True,0.26715220580545923
MS,PL=F,0,0.26623378117488716,6.413787323651575e-23,True,0.26623378117488716
GM,HG=F,0,0.2661375693986509,6.654162264359099e-23,True,0.2661375693986509
EMR,PL=F,0,0.2659528642250766,7.140865625732016e-23,True,0.2659528642250766
C,HG=F,0,0.265798211167001,7.575333145075923e-23,True,0.265798211167001
GE,RB=F,0,0.265335471893922,9.03756034973747e-23,True,0.265335471893922
DOV,HG=F,0,0.2637781795034836,1.6326641523245854e-22,True,0.2637781795034836
ISRG,RB=F,0,0.2633721124086714,1.9036594301238684e-22,True,0.2633721124086714
PBR,HG=F,0,0.2631264420178576,2.0887277474094957e-22,True,0.2631264420178576
BLK,PL=F,0,0.26261433385721533,2.533592371127284e-22,True,0.26261433385721533
RIO,HO=F,0,0.2619123099168147,3.2990593501606315e-22,True,0.2619123099168147
SLB,ZL=F,0,0.2615135836445278,3.8313825908647148e-22,True,0.2615135836445278
GS,HG=F,0,0.2613400014451066,4.088865793396162e-22,True,0.2613400014451066
BAC,BZ=F,0,0.261178660290159,4.343494290904157e-22,True,0.261178660290159
SLB,PL=F,0,0.2610991606026471,4.474663127267593e-22,True,0.2610991606026471
WM,RB=F,0,0.26088325162216325,4.850982594703536e-22,True,0.26088325162216325
ITW,PL=F,0,0.2603054242704937,6.018992025215157e-22,True,0.2603054242704937
DAR,BZ=F,0,0.26015639764695303,6.362830858221953e-22,True,0.26015639764695303
MS,HG=F,0,0.2601429461229078,6.394805562470386e-22,True,0.2601429461229078
VLO,HG=F,0,0.25955986492620914,7.944569677353675e-22,True,0.25955986492620914
GS,BZ=F,0,0.2591538654188925,9.23743833854149e-22,True,0.2591538654188925
PH,BZ=F,0,0.25893202889488476,1.0029553330483014e-21,True,0.25893202889488476
NUE,RB=F,0,0.25867384137355376,1.1036293875427176e-21,True,0.25867384137355376
DE,BZ=F,0,0.2584797837904272,1.1858123875653212e-21,True,0.2584797837904272
COP,ZL=F,0,0.25826141381774925,1.2855390531977892e-21,True,0.25826141381774925
NUE,QU=F,0,0.25822264597699635,1.3040905595026517e-21,True,0.25822264597699635
DAR,HO=F,0,0.25790387187011377,1.4670105640864552e-21,True,0.25790387187011377
ECL,QU=F,0,0.2569897335080027,2.0542428032408264e-21,True,0.2569897335080027
JPM,BZ=F,0,0.2567238717034698,2.264998111744381e-21,True,0.2567238717034698
HES,ZL=F,0,0.25604032659724085,2.9100223794818053e-21,True,0.25604032659724085
ISRG,QU=F,0,0.2559640124542882,2.9924458780557907e-21,True,0.2559640124542882
SCHW,QU=F,0,0.2555111821721037,3.5311777122764944e-21,True,0.2555111821721037
ADM,BZ=F,0,0.2551922049726051,3.967129219014601e-21,True,0.2551922049726051
HES,PL=F,0,0.2551508676973706,4.027383583303092e-21,True,0.2551508676973706
C,PL=F,0,0.25432363492324384,5.442320816626703e-21,True,0.25432363492324384
DAR,HG=F,0,0.25353661036598385,7.240185097996032e-21,True,0.25353661036598385
LOW,PL=F,0,0.2533729786213481,7.681919766575931e-21,True,0.2533729786213481
CAT,PL=F,0,0.25328545316030016,7.929022778255225e-21,True,0.25328545316030016
SCCO,HO=F,0,0.25310607968525256,8.460226143354769e-21,True,0.25310607968525256
MS,BZ=F,0,0.25272890662149894,9.694536019518547e-21,True,0.25272890662149894
CSCO,QU=F,0,0.25201506699642606,1.2537079151050426e-20,True,0.25201506699642606
ISRG,PL=F,0,0.2519622423626117,1.2777503348615142e-20,True,0.2519622423626117
EOG,PL=F,0,0.25177971276919947,1.3643848194002958e-20,True,0.25177971276919947
AXP,PL=F,0,0.25168752041418285,1.4103222740905694e-20,True,0.25168752041418285
AME,PL=F,0,0.2509965802807532,1.806818990620549e-20,True,0.2509965802807532
BHP,ZL=F,0,0.24950278350876248,3.07901667386739e-20,True,0.24950278350876248
F,QU=F,0,0.24939899116599737,3.194772919725138e-20,True,0.24939899116599737
SBUX,QU=F,0,0.24937054588469454,3.227240388975919e-20,True,0.24937054588469454
GM,QU=F,0,0.24820653696247225,4.875869896701243e-20,True,0.24820653696247225
WM,QU=F,0,0.2481321544380925,5.005795286480555e-20,True,0.2481321544380925
MCD,PL=F,0,0.247118729802545,7.1564971313513e-20,True,0.247118729802545
DVN,ZL=F,0,0.24699259433497028,7.481205871715165e-20,True,0.24699259433497028
C,HO=F,0,0.2469336933157515,7.637774544909087e-20,True,0.2469336933157515
DUK,RB=F,0,0.24654583456989065,8.752668189894366e-20,True,0.24654583456989065
ULTA,QU=F,0,0.2465232168098471,8.82242482506558e-20,True,0.2465232168098471
F,PL=F,0,0.24612152517306918,1.0156811019071471e-19,True,0.24612152517306918
RIO,ZL=F,0,0.24580044631824874,1.1365062126913953e-19,True,0.24580044631824874
AXP,BZ=F,0,0.24554539762518873,1.2425027069010735e-19,True,0.24554539762518873
MDT,PL=F,0,0.24536294422826466,1.3242593823337107e-19,True,0.24536294422826466
GD,BZ=F,0,0.2451191280545527,1.441853759012023e-19,True,0.2451191280545527
SO,QU=F,0,0.24487991937953482,1.5672263762412957e-19,True,0.24487991937953482
MA,PL=F,0,0.24420358746450982,1.9829020191904105e-19,True,0.24420358746450982
PBR,PL=F,0,0.24407664454621802,2.0722542584302804e-19,True,0.24407664454621802
SCHW,RB=F,0,0.24404559001223258,2.094710928261177e-19,True,0.24404559001223258
HON,HG=F,0,0.2439571140751169,2.1600164935853384e-19,True,0.2439571140751169
BG,PL=F,0,0.24376498155422943,2.30883189180506e-19,True,0.24376498155422943
ROK,HG=F,0,0.2435137354788744,2.518791225072763e-19,True,0.2435137354788744
GS,PL=F,0,0.2431932662958634,2.814130818120918e-19,True,0.2431932662958634
ETN,HG=F,0,0.24292067501380799,3.0920572095676116e-19,True,0.24292067501380799
DUK,QU=F,0,0.2428208010408086,3.2005255641033883e-19,True,0.2428208010408086
ITW,HG=F,0,0.2425748473886671,3.4839140003845494e-19,True,0.2425748473886671
MA,BZ=F,0,0.2423991765158291,3.7013434005594676e-19,True,0.2423991765158291
SO,RB=F,0,0.24219908222170802,3.965346589154061e-19,True,0.24219908222170802
SHEL,SI=F,0,0.24219547707671052,3.9702697126253533e-19,True,0.24219547707671052
YUM,PL=F,0,0.2419435815507427,4.329610054610774e-19,True,0.2419435815507427
HD,PL=F,0,0.24187902991083077,4.426747316729761e-19,True,0.24187902991083077
DVN,PL=F,0,0.24157658267513424,4.911282279265461e-19,True,0.24157658267513424
BP,ZL=F,0,0.2415222969814032,5.003628602339751e-19,True,0.2415222969814032
BP,SI=F,0,0.2414166182571678,5.188341828016197e-19,True,0.2414166182571678
YUM,QU=F,0,0.2410861433539163,5.810483771048872e-19,True,0.2410861433539163
SRE,PL=F,0,0.2410431182372968,5.896715301640503e-19,True,0.2410431182372968
F,RB=F,0,0.2410365831440663,5.909923016877926e-19,True,0.2410365831440663
CSCO,RB=F,0,0.24033646846279227,7.507754204113196e-19,True,0.24033646846279227
NUE,BZ=F,0,0.2402282469176811,7.790141082972309e-19,True,0.2402282469176811
MSFT,QU=F,0,0.24016975534563234,7.947101644071677e-19,True,0.24016975534563234
D,RB=F,0,0.2397461969095632,9.180678678532453e-19,True,0.2397461969095632
BAC,PL=F,0,0.2395133650456605,9.93735648120306e-19,True,0.2395133650456605
HSY,RB=F,0,0.23935794217738562,1.0476373523164456e-18,True,0.23935794217738562
PSX,PL=F,0,0.23909329729183548,1.1461315209381548e-18,True,0.23909329729183548
ULTA,RB=F,0,0.23906533207631353,1.157058537125238e-18,True,0.23906533207631353
ROK,BZ=F,0,0.23896680815273283,1.1963804979818786e-18,True,0.23896680815273283
D,QU=F,0,0.2389507207517828,1.2029251590843168e-18,True,0.2389507207517828
XOM,ZL=F,0,0.23818279866968628,1.560025059254798e-18,True,0.23818279866968628
DAR,ZL=F,0,0.2380092563698586,1.6542039536918005e-18,True,0.2380092563698586
HUM,QU=F,0,0.23792595634831926,1.7013802478415826e-18,True,0.23792595634831926
GLNCY,ZL=F,0,0.23747104521003393,1.983406810094962e-18,True,0.23747104521003393
ZTS,QU=F,0,0.23717860012232703,2.1885649489112356e-18,True,0.23717860012232703
KMI,SI=F,0,0.23712144569564148,2.2310389592969375e-18,True,0.23712144569564148
BG,HO=F,0,0.2361923003751643,3.0472307245060153e-18,True,0.2361923003751643
GM,RB=F,0,0.23610028785498816,3.14254927441512e-18,True,0.23610028785498816
NUE,PL=F,0,0.23605713504652037,3.188259622302213e-18,True,0.23605713504652037
SHEL,ZL=F,0,0.2358957672498031,3.3650758410828764e-18,True,0.2358957672498031
SYK,PL=F,0,0.23553170195927423,3.8002895495871134e-18,True,0.23553170195927423
V,PL=F,0,0.2354489894264383,3.906653909902363e-18,True,0.2354489894264383
DOV,BZ=F,0,0.23541826879084965,3.946902322724677e-18,True,0.23541826879084965
TXN,PL=F,0,0.2354121305274044,3.95499319875126e-18,True,0.2354121305274044
HON,BZ=F,0,0.23503095405619892,4.490804502089482e-18,True,0.23503095405619892
ADM,HO=F,0,0.2348798006090057,4.722563729157411e-18,True,0.2348798006090057
AXP,HG=F,0,0.23466710390175444,5.068779716664102e-18,True,0.23466710390175444
YUM,RB=F,0,0.2345308525695376,5.303590226776711e-18,True,0.2345308525695376
VALE,ZL=F,0,0.23451576290668788,5.330245845458904e-18,True,0.23451576290668788
INGR,RB=F,0,0.23443480344144396,5.475530796531961e-18,True,0.23443480344144396
SBUX,RB=F,0,0.23405099991976774,6.219175627237419e-18,True,0.23405099991976774
AME,HO=F,0,0.23374114211774685,6.8914670285816946e-18,True,0.23374114211774685
TTE,ZL=F,0,0.23352429881739362,7.404067852155776e-18,True,0.23352429881739362
LNG,HG=F,0,0.23313261703651372,8.426984683971385e-18,True,0.23313261703651372
BLK,HG=F,0,0.23293771823690418,8.986687851360728e-18,True,0.23293771823690418
EXC,PL=F,0,0.23117919020905497,1.601157509552676e-17,True,0.23117919020905497
GD,PL=F,0,0.23115214275261065,1.6153846088496598e-17,True,0.23115214275261065
INGR,QU=F,0,0.23108197702406227,1.652875600297955e-17,True,0.23108197702406227
TECK,ZL=F,0,0.2296516728051624,2.6341579346805584e-17,True,0.2296516728051624
PBR,ZL=F,0,0.22957600267647024,2.6996774507542717e-17,True,0.22957600267647024
IBM,PL=F,0,0.22938659466668943,2.870801377466257e-17,True,0.22938659466668943
PH,HO=F,0,0.2292461058236346,3.0045907413624063e-17,True,0.2292461058236346
GOOGL,QU=F,0,0.22822170304969175,4.1844089680141465e-17,True,0.22822170304969175
RTX,BZ=F,0,0.22784476496010875,4.7248605254945536e-17,True,0.22784476496010875
HD,QU=F,0,0.2277130018416083,4.929556087799011e-17,True,0.2277130018416083
WFC,PL=F,0,0.22769061607023605,4.965190486046676e-17,True,0.22769061607023605
WFC,BZ=F,0,0.2274431726409618,5.376387337019883e-17,True,0.2274431726409618
BAC,HG=F,0,0.22743347774279524,5.393163438472088e-17,True,0.22743347774279524
NOC,RB=F,0,0.22724097207024546,5.737160468884538e-17,True,0.22724097207024546
ROK,PL=F,0,0.22649692061269697,7.282100731651667e-17,True,0.22649692061269697
TXN,QU=F,0,0.22628981917628022,7.780660796727591e-17,True,0.22628981917628022
MSFT,RB=F,0,0.2262869121282971,7.78789300975173e-17,True,0.2262869121282971
CVX,ZL=F,0,0.22619805486561265,8.012177066968184e-17,True,0.22619805486561265
BKR,ZL=F,0,0.2261356837585815,8.173395978418196e-17,True,0.2261356837585815
BG,HG=F,0,0.22564220063285273,9.566800965357418e-17,True,0.22564220063285273
AXP,HO=F,0,0.22526736058204602,1.0779214055809051e-16,True,0.22526736058204602
QCOM,PL=F,0,0.22510380397817076,1.1354528503259606e-16,True,0.22510380397817076
VLO,PL=F,0,0.2250136696929396,1.168439537212442e-16,True,0.2250136696929396
GD,HO=F,0,0.22458087572536162,1.3404490113277348e-16,True,0.22458087572536162
MDLZ,RB=F,0,0.2241023838798636,1.5597247254767633e-16,True,0.2241023838798636
HD,RB=F,0,0.2229393924400636,2.250822686027786e-16,True,0.2229393924400636
ADM,PL=F,0,0.22291113086547457,2.27091629928698e-16,True,0.22291113086547457
HUM,RB=F,0,0.22283888864980786,2.3230858711273815e-16,True,0.22283888864980786
DE,HO=F,0,0.2227890699091408,2.3597480546476084e-16,True,0.2227890699091408
TXN,HG=F,0,0.2225819739277766,2.518356342054818e-16,True,0.2225819739277766
AME,HG=F,0,0.22176789243206355,3.2501127321501006e-16,True,0.22176789243206355
JPM,HG=F,0,0.22171085084713935,3.308600699474676e-16,True,0.22171085084713935
BG,ZL=F,0,0.22138414714406351,3.6641029323074603e-16,True,0.22138414714406351
TXN,RB=F,0,0.2212328222279968,3.841261308912902e-16,True,0.2212328222279968
GOOGL,RB=F,0,0.22122180100749347,3.854488548509308e-16,True,0.22122180100749347
ZTS,RB=F,0,0.22111822790173033,3.981004051328361e-16,True,0.22111822790173033
HSY,QU=F,0,0.22102679683684662,4.0960791805717e-16,True,0.22102679683684662
MDLZ,QU=F,0,0.22082778154793983,4.3579998727403193e-16,True,0.22082778154793983
CMG,PL=F,0,0.22078508070056813,4.416309999797119e-16,True,0.22078508070056813
F,HG=F,0,0.22049478753028856,4.833590679096076e-16,True,0.22049478753028856
PSX,ZL=F,0,0.22043743868142507,4.920503136943774e-16,True,0.22043743868142507
ULTA,PL=F,0,0.22038321627075497,5.004091394817644e-16,True,0.22038321627075497
ETN,PL=F,0,0.22015120441628971,5.377824212285539e-16,True,0.22015120441628971
ADM,HG=F,0,0.21995813544236842,5.709663182473619e-16,True,0.21995813544236842
RTX,PL=F,0,0.21992968921477135,5.760229132181091e-16,True,0.21992968921477135
YUM,HG=F,0,0.2199027532939361,5.808516540066842e-16,True,0.2199027532939361
GE,HG=F,0,0.219011662690187,7.65128226173359e-16,True,0.219011662690187
CAT,ZL=F,0,0.2182018524989723,9.818297242818217e-16,True,0.2182018524989723
GM,BZ=F,0,0.21795354160489191,1.0596406284503045e-15,True,0.21795354160489191
SCCO,ZL=F,0,0.21780411713471987,1.109356219658502e-15,True,0.21780411713471987
TTE,SI=F,0,0.21754743402557908,1.2001698381512417e-15,True,0.21754743402557908
QCOM,HG=F,0,0.2172303223024793,1.3225119888491558e-15,True,0.2172303223024793
ECL,PL=F,0,0.21706919072685177,1.3892976276966912e-15,True,0.21706919072685177
VLO,ZL=F,0,0.21631678317344877,1.747745926523379e-15,True,0.21631678317344877
MPC,ZL=F,0,0.2154234226841738,2.2927437458742854e-15,True,0.2154234226841738
SYK,HG=F,0,0.21450902074940087,3.0232226117087135e-15,True,0.21450902074940087
JPM,PL=F,0,0.2140938035711601,3.4263575237533134e-15,True,0.2140938035711601
T,RB=F,0,0.21406490182361645,3.4563083259795458e-15,True,0.21406490182361645
NUE,HO=F,0,0.21400559710365685,3.518574143860509e-15,True,0.21400559710365685
BAC,HO=F,0,0.21372970239401806,3.8230545004132184e-15,True,0.21372970239401806
NOC,QU=F,0,0.21360546002782024,3.968494149590125e-15,True,0.21360546002782024
NTR,SI=F,0,0.21320975197903685,4.468933799159802e-15,True,0.21320975197903685
DOV,SI=F,0,0.21286950675012756,4.948475912046887e-15,True,0.21286950675012756
HON,HO=F,0,0.21252901738612157,5.478926365269275e-15,True,0.21252901738612157
CVX,SI=F,0,0.21240290063371395,5.6892741053529824e-15,True,0.21240290063371395
MA,HG=F,0,0.21226558315846222,5.927336762861496e-15,True,0.21226558315846222
GE,BZ=F,0,0.21138118912009493,7.71303126669228e-15,True,0.21138118912009493
MRK,RB=F,0,0.2110398143030137,8.535605174102055e-15,True,0.2110398143030137
AAPL,QU=F,0,0.21051205334827797,9.979835556961065e-15,True,0.21051205334827797
INGR,PL=F,0,0.210322051910933,1.0556507258691853e-14,True,0.210322051910933
NEE,PL=F,0,0.21023675403287442,1.082592969532184e-14,True,0.21023675403287442
NEE,QU=F,0,0.21016589750951847,1.1054867416014932e-14,True,0.21016589750951847
V,BZ=F,0,0.20948229758556067,1.3522839435948864e-14,True,0.20948229758556067
ZTS,PL=F,0,0.20939728384804895,1.3865329822750838e-14,True,0.20939728384804895
MS,HO=F,0,0.2085858676369995,1.759425286948778e-14,True,0.2085858676369995
JNJ,RB=F,0,0.2085160428030359,1.7957767085003307e-14,True,0.2085160428030359
AAPL,RB=F,0,0.20799459270704984,2.0916049648914357e-14,True,0.20799459270704984
GE,PL=F,0,0.20776365915933231,2.237451154269797e-14,True,0.20776365915933231
SBUX,PL=F,0,0.2076306561638116,2.3259364764742977e-14,True,0.2076306561638116
MDLZ,PL=F,0,0.20707915287237894,2.7310005185916973e-14,True,0.20707915287237894
MRK,QU=F,0,0.20669675995794126,3.051763122230053e-14,True,0.20669675995794126
T,QU=F,0,0.20619103008411654,3.533385404637507e-14,True,0.20619103008411654
INGR,BZ=F,0,0.2058004420139315,3.955754059804679e-14,True,0.2058004420139315
BBY,QU=F,0,0.20573632446571555,4.0296734336580124e-14,True,0.20573632446571555
BBY,PL=F,0,0.205333923714783,4.5255563813793616e-14,True,0.205333923714783
LNG,PL=F,0,0.20455926885684933,5.654669582971831e-14,True,0.20455926885684933
DUK,PL=F,0,0.20450697947263907,5.740146771163849e-14,True,0.20450697947263907
PH,SI=F,0,0.2043981565773466,5.92212753475039e-14,True,0.2043981565773466
NEE,RB=F,0,0.2043537905660635,5.997934438080179e-14,True,0.2043537905660635
KMI,ZL=F,0,0.20384538621887868,6.937649233817353e-14,True,0.20384538621887868
LMT,BZ=F,0,0.20364035061514987,7.356271924083126e-14,True,0.20364035061514987
MA,HO=F,0,0.20363506623858668,7.367382575111958e-14,True,0.20363506623858668
JNJ,QU=F,0,0.2032354499778178,8.257104497271311e-14,True,0.2032354499778178
WMB,SI=F,0,0.20307357801389594,8.646800466608209e-14,True,0.20307357801389594
GD,HG=F,0,0.20276956317941783,9.428104404349591e-14,True,0.20276956317941783
WMB,ZL=F,0,0.2026930711094662,9.635353362969564e-14,True,0.2026930711094662
SBUX,HG=F,0,0.20254172158929384,1.005868781757762e-13,True,0.20254172158929384
QCOM,QU=F,0,0.20246743215184504,1.0273108646947308e-13,True,0.20246743215184504
MMM,QU=F,0,0.20211436782133588,1.1355063585724549e-13,True,0.20211436782133588
GS,HO=F,0,0.20161606818449182,1.3074661763268984e-13,True,0.20161606818449182
ROK,HO=F,0,0.2015539650217732,1.3306130966497943e-13,True,0.2015539650217732
DAR,SI=F,0,0.20154491848611664,1.3340182877272093e-13,True,0.20154491848611664
MMM,RB=F,0,0.20116687464188754,1.484226325477875e-13,True,0.20116687464188754
ITW,BZ=F,0,0.20095691972969348,1.5746922474226787e-13,True,0.20095691972969348
MDT,BZ=F,0,0.20037709511045207,1.8535823200946943e-13,True,0.20037709511045207
GOOGL,PL=F,0,0.20023300613086897,1.9300862208602538e-13,True,0.20023300613086897
AAPL,PL=F,0,0.20012480705614055,1.9895632689388077e-13,True,0.20012480705614055
JPM,HO=F,0,0.19985977989152234,2.1429516456164205e-13,True,0.19985977989152234
ETN,BZ=F,0,0.19985374508071463,2.1465761742591518e-13,True,0.19985374508071463
RTX,HG=F,0,0.19978272673100994,2.1896846209315196e-13,True,0.19978272673100994
IBM,BZ=F,0,0.1994563926936075,2.3989424160605183e-13,True,0.1994563926936075
BKR,SI=F,0,0.19841135422141515,3.2099550797589334e-13,True,0.19841135422141515
GE,HO=F,0,0.19773564535539437,3.8717611547558687e-13,True,0.19773564535539437
V,HG=F,0,0.19759519737650166,4.025254127517773e-13,True,0.19759519737650166
DOV,HO=F,0,0.19753648064733442,4.0911796240923744e-13,True,0.19753648064733442
GM,HO=F,0,0.19712538393601986,4.583354134683391e-13,True,0.19712538393601986
SRE,SI=F,0,0.19693621938222824,4.828904006476369e-13,True,0.19693621938222824
WM,PL=F,0,0.19565214175657544,6.872303683364086e-13,True,0.19565214175657544
ISRG,SI=F,0,0.19515298864918446,7.877592417362116e-13,True,0.19515298864918446
WFC,HG=F,0,0.19494081929149942,8.347335896334993e-13,True,0.19494081929149942
SO,PL=F,0,0.19470333303884219,8.905738896168808e-13,True,0.19470333303884219
TSN,HO=F,0,0.1946507127839663,9.034334767084646e-13,True,0.1946507127839663
QCOM,RB=F,0,0.1945180074848929,9.366785322970097e-13,True,0.1945180074848929
TSN,BZ=F,0,0.19321959176405318,1.3321695902308953e-12,True,0.19321959176405318
ISRG,HG=F,0,0.19275494681903116,1.510223415724708e-12,True,0.19275494681903116
LOW,BZ=F,0,0.19226632763434517,1.7226094219008278e-12,True,0.19226632763434517
CAT,SI=F,0,0.19161901988175456,2.04955443193065e-12,True,0.19161901988175456
ADM,ZL=F,0,0.19142739275747783,2.1575031452632264e-12,True,0.19142739275747783
WFC,HO=F,0,0.19050425296788556,2.760678590123492e-12,True,0.19050425296788556
CMCSA,QU=F,0,0.1900007914675429,3.1563147953339467e-12,True,0.1900007914675429
AWK,RB=F,0,0.18944731233740147,3.655435609163681e-12,True,0.18944731233740147
NTR,ZL=F,0,0.188893882969715,4.231550749038778e-12,True,0.188893882969715
CVS,QU=F,0,0.18858990887173288,4.584885926767544e-12,True,0.18858990887173288
RTX,HO=F,0,0.18792586677716872,5.460240224640319e-12,True,0.18792586677716872
HD,SI=F,0,0.187833982299139,5.593582062122049e-12,True,0.187833982299139
YUM,SI=F,0,0.18760373085728393,5.941881742230334e-12,True,0.18760373085728393
DHR,PL=F,0,0.18755419884700558,6.01953782801106e-12,True,0.18755419884700558
TXN,BZ=F,0,0.18702303569270318,6.917330313216569e-12,True,0.18702303569270318
CVS,RB=F,0,0.18665225280486183,7.620424924506912e-12,True,0.18665225280486183
ECL,HG=F,0,0.1866452827889924,7.63428991919168e-12,True,0.1866452827889924
ULTA,HG=F,0,0.18615893547647652,8.665221715802065e-12,True,0.18615893547647652
ETN,HO=F,0,0.1861419296359802,8.703632373275863e-12,True,0.1861419296359802
BBY,RB=F,0,0.18602533042636965,8.971516964747646e-12,True,0.18602533042636965
COP,SI=F,0,0.1859983518115889,9.03464005335202e-12,True,0.1859983518115889
MDT,HG=F,0,0.18598383311576788,9.068789785195907e-12,True,0.18598383311576788
SRE,HO=F,0,0.1857352052987088,9.6735812421797e-12,True,0.1857352052987088
CMG,SI=F,0,0.18551134086997467,1.0251786179915509e-11,True,0.18551134086997467
MSFT,PL=F,0,0.18539441558585146,1.0567093088230675e-11,True,0.18539441558585146
F,HO=F,0,0.18534631686989914,1.0699535815012806e-11,True,0.18534631686989914
SRE,BZ=F,0,0.18514984448460642,1.1257607358546642e-11,True,0.18514984448460642
CMCSA,RB=F,0,0.1850846877485112,1.1448895946851089e-11,True,0.1850846877485112
TSN,RB=F,0,0.18488025703486638,1.206994327557849e-11,True,0.18488025703486638
CMG,HG=F,0,0.18480749812234926,1.229883777989821e-11,True,0.18480749812234926
INGR,HG=F,0,0.1846901997255206,1.2676822170435874e-11,True,0.1846901997255206
SBUX,BZ=F,0,0.1842230207427055,1.4298305691101066e-11,True,0.1842230207427055
LMT,PL=F,0,0.18401919344331008,1.5067762033022094e-11,True,0.18401919344331008
LOW,SI=F,0,0.18367140300966078,1.6475224790250326e-11,True,0.18367140300966078
TSN,QU=F,0,0.18357045371488676,1.6907297879625847e-11,True,0.18357045371488676
HON,SI=F,0,0.18356101530671326,1.6948257237781845e-11,True,0.18356101530671326
BLK,SI=F,0,0.1830540679705253,1.9296799769415803e-11,True,0.1830540679705253
IBM,HG=F,0,0.18303797594986504,1.9376338243073522e-11,True,0.18303797594986504
MCD,HG=F,0,0.18273334852398215,2.094395595390372e-11,True,0.18273334852398215
UNH,PL=F,0,0.18219753066067135,2.4007518585065217e-11,True,0.18219753066067135
MMM,PL=F,0,0.18194934602506935,2.5571041863974775e-11,True,0.18194934602506935
FAST,QU=F,0,0.18181805776963958,2.643796105691373e-11,True,0.18181805776963958
DE,SI=F,0,0.18171709327377578,2.7124131526615857e-11,True,0.18171709327377578
V,HO=F,0,0.18149585559468015,2.868914057021999e-11,True,0.18149585559468015
IBM,HO=F,0,0.1813797029217055,2.954578612518477e-11,True,0.1813797029217055
FAST,RB=F,0,0.18126274581829058,3.0433617107788186e-11,True,0.18126274581829058
ABT,PL=F,0,0.18036211913012334,3.820159978099101e-11,True,0.18036211913012334
SYK,BZ=F,0,0.18023220928179048,3.9471245594133366e-11,True,0.18023220928179048
HSY,PL=F,0,0.18000985301995473,4.174075146748443e-11,True,0.18000985301995473
LOW,HG=F,0,0.17984975898971972,4.345323989506911e-11,True,0.17984975898971972
CRM,PL=F,0,0.17981208641487134,4.3866087575627895e-11,True,0.17981208641487134
BG,SI=F,0,0.17978299486141874,4.4187517948898404e-11,True,0.17978299486141874
CRM,RB=F,0,0.1797786856925774,4.423532493809003e-11,True,0.1797786856925774
AWK,QU=F,0,0.17962192183641437,4.600929126594107e-11,True,0.17962192183641437
NEE,SI=F,0,0.17940028472253058,4.863651900104501e-11,True,0.17940028472253058
AEP,QU=F,0,0.17914167662220398,5.188762466786667e-11,True,0.17914167662220398
MMM,HG=F,0,0.17844798526604594,6.169328524748176e-11,True,0.17844798526604594
QCOM,BZ=F,0,0.177991511536776,6.911023494106923e-11,True,0.177991511536776
CRM,QU=F,0,0.17749921204328176,7.808573929498564e-11,True,0.17749921204328176
TSN,PL=F,0,0.17730859593777282,8.185856714873517e-11,True,0.17730859593777282
BLK,BZ=F,0,0.1772375329967339,8.331018293329896e-11,True,0.1772375329967339
NUE,SI=F,0,0.17663649823745717,9.663609041136686e-11,True,0.17663649823745717
AEP,RB=F,0,0.17647407196148276,1.0058098417612684e-10,True,0.17647407196148276
EMR,ZL=F,0,0.17626914992028297,1.0578287675377268e-10,True,0.17626914992028297
AWK,PL=F,0,0.17580618079468868,1.1852122058483143e-10,True,0.17580618079468868
WEC,RB=F,0,0.17539426892338528,1.3110513365101953e-10,True,0.17539426892338528
F,BZ=F,0,0.17537474721565385,1.3173283067765545e-10,True,0.17537474721565385
WEC,QU=F,0,0.17503533113125444,1.431271061256729e-10,True,0.17503533113125444
MCD,SI=F,0,0.17496426575521073,1.4563180568803632e-10,True,0.17496426575521073
FNV,BZ=F,0,0.17491164532934753,1.475139315173291e-10,True,0.17491164532934753
ABT,QU=F,0,0.1747440347104535,1.5366866193018313e-10,True,0.1747440347104535
CSCO,PL=F,0,0.1744016105024389,1.6703168629515104e-10,True,0.1744016105024389
ULTA,BZ=F,0,0.17431266637423992,1.7068424824243167e-10,True,0.17431266637423992
ITW,HO=F,0,0.17423478994633973,1.7394622492591966e-10,True,0.17423478994633973
NOC,BZ=F,0,0.17331550935904794,2.1736153304246889e-10,True,0.17331550935904794
AMZN,PL=F,0,0.1728779129994486,2.415812274112115e-10,True,0.1728779129994486
GM,SI=F,0,0.17252223567970904,2.631890985406744e-10,True,0.17252223567970904
MDT,HO=F,0,0.17247282911165557,2.663359464140733e-10,True,0.17247282911165557
AEM,BZ=F,0,0.1720400746033246,2.955145299482511e-10,True,0.1720400746033246
XOM,SI=F,0,0.17197379350693026,3.0025050055070974e-10,True,0.17197379350693026
SYK,HO=F,0,0.17111323192718633,3.6888286749955226e-10,True,0.17111323192718633
DVN,SI=F,0,0.17100568687861664,3.7846827524870235e-10,True,0.17100568687861664
EOG,SI=F,0,0.17097225989278703,3.814967663482982e-10,True,0.17097225989278703
DHR,RB=F,0,0.17065109225762437,4.118252367861506e-10,True,0.17065109225762437
CRM,SI=F,0,0.1705857794198492,4.1827438882405834e-10,True,0.1705857794198492
CSCO,HG=F,0,0.17021572652057176,4.567166042080349e-10,True,0.17021572652057176
DHR,HG=F,0,0.1699420848884846,4.873373255670556e-10,True,0.1699420848884846
LOW,HO=F,0,0.16963724312666095,5.238076489242278e-10,True,0.16963724312666095
NUE,ZL=F,0,0.16931440473738507,5.653302135979805e-10,True,0.16931440473738507
INGR,HO=F,0,0.16862729413326408,6.64664295975704e-10,True,0.16862729413326408
HD,HG=F,0,0.16857432033767872,6.72992521058775e-10,True,0.16857432033767872
SCHW,BZ=F,0,0.16856723663892229,6.741138574671308e-10,True,0.16856723663892229
BBY,HG=F,0,0.16818712222580046,7.370307617687166e-10,True,0.16818712222580046
DE,ZL=F,0,0.1681464485091266,7.440926762995364e-10,True,0.1681464485091266
ABT,RB=F,0,0.16794368103236318,7.802931622306956e-10,True,0.16794368103236318
TXN,SI=F,0,0.1675765847179475,8.5024558429611e-10,True,0.1675765847179475
HD,BZ=F,0,0.1675664791425725,8.52255199884049e-10,True,0.1675664791425725
MCD,BZ=F,0,0.16738115509443185,8.899403228667252e-10,True,0.16738115509443185
AAPL,HG=F,0,0.16703691542972177,9.642949555793482e-10,True,0.16703691542972177
DHR,QU=F,0,0.1669097489421551,9.932652539017908e-10,True,0.1669097489421551
CSCO,BZ=F,0,0.16677170977577094,1.0256720847220091e-09,True,0.16677170977577094
CMG,QU=F,0,0.16652622492721195,1.0858657340277658e-09,True,0.16652622492721195
CMCSA,BZ=F,0,0.16622172448131906,1.1653243582102442e-09,True,0.16622172448131906
GOLD,BZ=F,0,0.16620555972746454,1.169697148247727e-09,True,0.16620555972746454
SLB,SI=F,0,0.16615862060666908,1.1824855936811873e-09,True,0.16615862060666908
QCOM,SI=F,0,0.16613754947510134,1.1882705528835498e-09,True,0.16613754947510134
ULTA,HO=F,0,0.16593943855625115,1.244025880956545e-09,True,0.16593943855625115
LNG,ZL=F,0,0.1652037427619856,1.4742525813052915e-09,True,0.1652037427619856
FAST,PL=F,0,0.1647696447034844,1.6290293843044023e-09,True,0.1647696447034844
HES,SI=F,0,0.16473615640122832,1.6416059032506581e-09,True,0.16473615640122832
D,PL=F,0,0.1645854418622273,1.6993862627881803e-09,True,0.1645854418622273
GOOGL,SI=F,0,0.16439360141106812,1.7758026907753158e-09,True,0.16439360141106812
PH,ZL=F,0,0.16408463330173062,1.9059576449676234e-09,True,0.16408463330173062
EMR,SI=F,0,0.16355905723727038,2.1489885297716253e-09,True,0.16355905723727038
CMG,RB=F,0,0.16341769981508572,2.219339228610284e-09,True,0.16341769981508572
AMZN,SI=F,0,0.16340587789841815,2.225323262695682e-09,True,0.16340587789841815
ZTS,SI=F,0,0.16249975779754852,2.733840649838283e-09,True,0.16249975779754852
QCOM,HO=F,0,0.1618821568521573,3.143458438004113e-09,True,0.1618821568521573
GOLD,RB=F,0,0.16180520580798902,3.1985000207842435e-09,True,0.16180520580798902
AME,SI=F,0,0.16159679207184727,3.3523233439386187e-09,True,0.16159679207184727
C,ZL=F,0,0.16146625331434605,3.4523086217987672e-09,True,0.16146625331434605
PBR,SI=F,0,0.16134374352078484,3.5487783074006246e-09,True,0.16134374352078484
DHR,SI=F,0,0.16095896773524743,3.8691219539740955e-09,True,0.16095896773524743
GOOGL,HG=F,0,0.16031568333922178,4.468503477159828e-09,True,0.16031568333922178
ROK,SI=F,0,0.16023224117684987,4.552576098484172e-09,True,0.16023224117684987
VZ,RB=F,0,0.16006319179597017,4.727641699178409e-09,True,0.16006319179597017
GD,ZL=F,0,0.15982392907215215,4.986647430632714e-09,True,0.15982392907215215
AAPL,SI=F,0,0.15953446616994493,5.31846791579814e-09,True,0.15953446616994493
T,PL=F,0,0.1591105933781543,5.843381390289685e-09,True,0.1591105933781543
SYK,SI=F,0,0.15887134367119418,6.161538126160996e-09,True,0.15887134367119418
SCHW,HG=F,0,0.15882557723043494,6.224287790285505e-09,True,0.15882557723043494
AMGN,RB=F,0,0.15824673620994595,7.073542310555453e-09,True,0.15824673620994595
BBY,SI=F,0,0.1582257393001996,7.1063742329934944e-09,True,0.1582257393001996
ITW,SI=F,0,0.15801752840471633,7.440060031945477e-09,True,0.15801752840471633
YUM,BZ=F,0,0.15780677916153435,7.793294432337655e-09,True,0.15780677916153435
MSFT,SI=F,0,0.15779857766186667,7.80736510405247e-09,True,0.15779857766186667
ORCL,RB=F,0,0.157707519777251,7.965253151089497e-09,True,0.157707519777251
SCHW,HO=F,0,0.15751007590965788,8.318331945910167e-09,True,0.15751007590965788
NEM,RB=F,0,0.15743514494052152,8.456267190840785e-09,True,0.15743514494052152
GOOGL,HO=F,0,0.15723617879780394,8.833397607912533e-09,True,0.15723617879780394
MSFT,HG=F,0,0.15711732132163436,9.066425436517302e-09,True,0.15711732132163436
META,PL=F,0,0.15680470479227104,9.708190686605227e-09,True,0.15680470479227104
BMY,RB=F,0,0.1565093435939567,1.0354923177160247e-08,True,0.1565093435939567
FNV,RB=F,0,0.1563665777054911,1.068233660803418e-08,True,0.1563665777054911
IBM,SI=F,0,0.15614916626201214,1.1200326327670329e-08,True,0.15614916626201214
UNH,BZ=F,0,0.1561068080702191,1.1304046042757409e-08,True,0.1561068080702191
GOOGL,BZ=F,0,0.1560708085545322,1.1392928069025837e-08,True,0.1560708085545322
ETN,SI=F,0,0.15581461532201757,1.2045348877266824e-08,True,0.15581461532201757
EXC,SI=F,0,0.15564764528330843,1.2489920365169394e-08,True,0.15564764528330843
AAPL,BZ=F,0,0.15562229597213162,1.2558792460840999e-08,True,0.15562229597213162
ADBE,QU=F,0,0.15540703389826527,1.3158688249837639e-08,True,0.15540703389826527
TXN,HO=F,0,0.15538451605144332,1.3223024716696065e-08,True,0.15538451605144332
MCD,HO=F,0,0.15446525319452803,1.6126628451874382e-08,True,0.15446525319452803
WEC,PL=F,0,0.15416517073284558,1.720190894617526e-08,True,0.15416517073284558
BMY,QU=F,0,0.15416217409233948,1.7212989792402518e-08,True,0.15416217409233948
BLK,HO=F,0,0.15294082965292144,2.235584485562236e-08,True,0.15294082965292144
HD,HO=F,0,0.15292136946867554,2.2448784538743235e-08,True,0.15292136946867554
ORCL,QU=F,0,0.1523674903753333,2.5256844675713743e-08,True,0.1523674903753333
NEM,BZ=F,0,0.15212008204834898,2.6618504258006625e-08,True,0.15212008204834898
MA,ZL=F,0,0.15201003011273712,2.7246815492233844e-08,True,0.15201003011273712
AME,ZL=F,0,0.15197483775393544,2.7450752712786757e-08,True,0.15197483775393544
MS,ZL=F,0,0.1518020851338806,2.8473490089242588e-08,True,0.1518020851338806
BAC,ZL=F,0,0.15154281093027586,3.007808319490652e-08,True,0.15154281093027586
GS,ZL=F,0,0.1514593112316982,3.0613251105795145e-08,True,0.1514593112316982
LMT,HO=F,0,0.15135055106664552,3.1324171245467244e-08,True,0.15135055106664552
CMCSA,PL=F,0,0.15122904537874476,3.213732583915573e-08,True,0.15122904537874476
AMGN,QU=F,0,0.15119398170839565,3.2375761259389604e-08,True,0.15119398170839565
ADBE,RB=F,0,0.15116158212569625,3.259760377169682e-08,True,0.15116158212569625
WFC,ZL=F,0,0.15070594457664843,3.5877795820238446e-08,True,0.15070594457664843
AMGN,PL=F,0,0.1505198276617381,3.7307741575451545e-08,True,0.1505198276617381
VZ,QU=F,0,0.15051854636847203,3.7317774612826376e-08,True,0.15051854636847203
ZTS,HG=F,0,0.15034413848659856,3.8708128026539606e-08,True,0.15034413848659856
AAPL,HO=F,0,0.14987122213373222,4.273537266329329e-08,True,0.14987122213373222
EXC,HO=F,0,0.1497359402011489,4.3960155818954153e-08,True,0.1497359402011489
DOV,ZL=F,0,0.1493657466519419,4.7488053495610156e-08,True,0.1493657466519419
MSFT,BZ=F,0,0.14866927754666714,5.4882692729387724e-08,True,0.14866927754666714
AEM,RB=F,0,0.1484117716799594,5.788952612265532e-08,True,0.1484117716799594
F,SI=F,0,0.14806079593764343,6.224567037918014e-08,True,0.14806079593764343
AMZN,HG=F,0,0.14795744994572074,6.358769974869973e-08,True,0.14795744994572074
MPC,SI=F,0,0.14779775812629087,6.571664860723805e-08,True,0.14779775812629087
HON,ZL=F,0,0.147389672418022,7.147517207880387e-08,True,0.147389672418022
ITW,ZL=F,0,0.14640131533909728,8.75176321934503e-08,True,0.14640131533909728
BMY,PL=F,0,0.1455868221707482,1.0330679400349812e-07,True,0.1455868221707482
META,QU=F,0,0.1453725147831894,1.0789877435936942e-07,True,0.1453725147831894
YUM,HO=F,0,0.14494575636073184,1.1763777742061509e-07,True,0.14494575636073184
ISRG,BZ=F,0,0.14430128916526833,1.339731718212051e-07,True,0.14430128916526833
SRE,HG=F,0,0.14375780437865632,1.494337167305817e-07,True,0.14375780437865632
CSCO,HO=F,0,0.14341394627325893,1.600910546442855e-07,True,0.14341394627325893
MDT,SI=F,0,0.1433212217711959,1.6308831479556292e-07,True,0.1433212217711959
MA,SI=F,0,0.14266364879542298,1.8595402554007788e-07,True,0.14266364879542298
UNH,HO=F,0,0.14265810235069584,1.861594673132498e-07,True,0.14265810235069584
SBUX,HO=F,0,0.14244275615743743,1.9430759061288966e-07,True,0.14244275615743743
BBY,HO=F,0,0.14217346227176858,2.0498236428959307e-07,True,0.14217346227176858
SCHW,PL=F,0,0.14120437383604867,2.4828214360915427e-07,True,0.14120437383604867
BBY,BZ=F,0,0.1411850268753515,2.492306309108802e-07,True,0.1411850268753515
EXC,BZ=F,0,0.140343940707188,2.9402009024242373e-07,True,0.140343940707188
ADM,SI=F,0,0.13991514744899594,3.19748043080914e-07,True,0.13991514744899594
GE,ZL=F,0,0.13976256344851606,3.294165729411349e-07,True,0.13976256344851606
GD,SI=F,0,0.13938625555453227,3.5448160390091936e-07,True,0.13938625555453227
NEM,QU=F,0,0.13926579508169873,3.628866810219834e-07,True,0.13926579508169873
HSY,BZ=F,0,0.13875811954187098,4.004689392003335e-07,True,0.13875811954187098
CMG,BZ=F,0,0.13859067239758416,4.1366762629245066e-07,True,0.13859067239758416
META,SI=F,0,0.1379764956039286,4.6576162414913383e-07,True,0.1379764956039286
ULTA,SI=F,0,0.13735194809206502,5.251915339988831e-07,True,0.13735194809206502
TXN,ZL=F,0,0.13726215700974753,5.343145491886033e-07,True,0.13726215700974753
BLK,ZL=F,0,0.1368523240861647,5.779288499095902e-07,True,0.1368523240861647
MSFT,HO=F,0,0.13675715496728985,5.885366175698369e-07,True,0.13675715496728985
ORCL,HG=F,0,0.1364987358888937,6.182948086305796e-07,True,0.1364987358888937
AEP,PL=F,0,0.13547943666619305,7.504284422743251e-07,True,0.13547943666619305
META,HG=F,0,0.13546972147391123,7.518099278889995e-07,True,0.13546972147391123
GOLD,QU=F,0,0.13539956522502297,7.618589348764571e-07,True,0.13539956522502297
CRM,HG=F,0,0.13539852339348776,7.620091337391514e-07,True,0.13539852339348776
MS,SI=F,0,0.13485167757004712,8.449069333565732e-07,True,0.13485167757004712
DLTR,PL=F,0,0.13460987358247797,8.842683161690627e-07,True,0.13460987358247797
AXP,ZL=F,0,0.13445010056442458,9.112379069788419e-07,True,0.13445010056442458
DUK,SI=F,0,0.13413469698991284,9.6681849147238e-07,True,0.13413469698991284
FNV,HO=F,0,0.13399674831975228,9.921396935242173e-07,True,0.13399674831975228
GS,SI=F,0,0.1337523040318901,1.0385828702117252e-06,True,0.1337523040318901
NOC,PL=F,0,0.13300680929796838,1.1934888837446693e-06,True,0.13300680929796838
C,SI=F,0,0.13299918745470943,1.1951818403279464e-06,True,0.13299918745470943
ADBE,PL=F,0,0.13298375524168596,1.1986166984148819e-06,True,0.13298375524168596
ETN,ZL=F,0,0.1329009333301825,1.2172136449741973e-06,True,0.1329009333301825
ECL,HO=F,0,0.1325280345223326,1.3044349286828765e-06,True,0.1325280345223326
CVS,PL=F,0,0.13242565502265674,1.3294131000950096e-06,True,0.13242565502265674
IBM,ZL=F,0,0.13168382084062558,1.5246329142851902e-06,True,0.13168382084062558
JNJ,PL=F,0,0.1314886096457059,1.580412404661631e-06,True,0.1314886096457059
FNV,QU=F,0,0.13117790283359093,1.6732557154025534e-06,True,0.13117790283359093
GM,ZL=F,0,0.13072179094067968,1.8190899130032956e-06,True,0.13072179094067968
WM,ZL=F,0,0.1302281132916379,1.9906647188810167e-06,True,0.1302281132916379
FAST,HG=F,0,0.13016696926881563,2.012965623282695e-06,True,0.13016696926881563
RTX,SI=F,0,0.12959458593069312,2.233687611608628e-06,True,0.12959458593069312
LNG,SI=F,0,0.12930001288622683,2.356148461300886e-06,True,0.12930001288622683
AEM,QU=F,0,0.12910873700978398,2.439086662712577e-06,True,0.12910873700978398
T,BZ=F,0,0.12899159203950972,2.4912559739541416e-06,True,0.12899159203950972
NEM,HO=F,0,0.12865138092206935,2.6489012722297604e-06,True,0.12865138092206935
HUM,PL=F,0,0.12859266072391431,2.6770610410958843e-06,True,0.12859266072391431
V,SI=F,0,0.12843015586799322,2.756495551578478e-06,True,0.12843015586799322
PFE,QU=F,0,0.12840558216010706,2.768702429410238e-06,True,0.12840558216010706
ISRG,HO=F,0,0.12838049586825306,2.7812173698836374e-06,True,0.12838049586825306
F,ZL=F,0,0.12817024873729893,2.8882574363618285e-06,True,0.12817024873729893
MMM,BZ=F,0,0.1274502523516651,3.285537971226138e-06,True,0.1274502523516651
V,ZL=F,0,0.12725505227387007,3.401957286860313e-06,True,0.12725505227387007
WM,HG=F,0,0.12710033087361916,3.49703156985869e-06,True,0.12710033087361916
CRM,BZ=F,0,0.12692696588646285,3.6065848815384114e-06,True,0.12692696588646285
TGT,PL=F,0,0.12687905523643492,3.63743569102122e-06,True,0.12687905523643492
DLTR,QU=F,0,0.12653640363982704,3.865560347293216e-06,True,0.12653640363982704
GOLD,HO=F,0,0.1264018102824045,3.958862632551819e-06,True,0.1264018102824045
CSCO,ZL=F,0,0.126132949868831,4.151736368754226e-06,True,0.126132949868831
CHTR,RB=F,0,0.1256373805613827,4.531056986591194e-06,True,0.1256373805613827
SBUX,SI=F,0,0.12525280632679928,4.848046676188791e-06,True,0.12525280632679928
RTX,ZL=F,0,0.124876654454292,5.178546926182042e-06,True,0.124876654454292
AXP,SI=F,0,0.12475821518781771,5.286998521809007e-06,True,0.12475821518781771
UNH,HG=F,0,0.12458433823906126,5.45015611876942e-06,True,0.12458433823906126
JPM,ZL=F,0,0.12452823139053382,5.503823748696165e-06,True,0.12452823139053382
MMM,SI=F,0,0.124087694334305,5.943124858837477e-06,True,0.124087694334305
CHTR,PL=F,0,0.12406572493973678,5.965887760104018e-06,True,0.12406572493973678
META,RB=F,0,0.1239980342381512,6.03654854774175e-06,True,0.1239980342381512
ECL,SI=F,0,0.12369909420754258,6.358286016804584e-06,True,0.12369909420754258
ZTS,BZ=F,0,0.12337045108417795,6.730889483640054e-06,True,0.12337045108417795
EXC,HG=F,0,0.12325982776723214,6.860937749617121e-06,True,0.12325982776723214
CHTR,QU=F,0,0.12289006172794203,7.313280849258049e-06,True,0.12289006172794203
WEC,SI=F,0,0.12267416399348115,7.590421102852992e-06,True,0.12267416399348115
CRM,HO=F,0,0.12266276313126837,7.605331376880234e-06,True,0.12266276313126837
TSN,SI=F,0,0.12208325703467304,8.401177329040833e-06,True,0.12208325703467304
DLTR,RB=F,0,0.1219653163567502,8.572606729090389e-06,True,0.1219653163567502
SO,SI=F,0,0.12183209398589426,8.770264279242003e-06,True,0.12183209398589426
ECL,BZ=F,0,0.12160091559235174,9.123621639478507e-06,True,0.12160091559235174
T,HG=F,0,0.1206686756247535,1.0691314776862287e-05,True,0.1206686756247535
NOC,HO=F,0,0.1200946373178269,1.1781091938707872e-05,True,0.1200946373178269
CVS,BZ=F,0,0.11980104808916796,1.2378608690713419e-05,True,0.11980104808916796
ADBE,SI=F,0,0.11940900833540766,1.322165445286223e-05,True,0.11940900833540766
PSX,SI=F,0,0.11938496454427229,1.3275100470683521e-05,True,0.11938496454427229
TGT,RB=F,0,0.11937222132422289,1.3303510290806404e-05,True,0.11937222132422289
CMCSA,HO=F,0,0.11892890521487481,1.4328699108008943e-05,True,0.11892890521487481
AWK,SI=F,0,0.11860276385585836,1.5130506043139927e-05,True,0.11860276385585836
TGT,QU=F,0,0.11806370525886091,1.6550209030556572e-05,True,0.11806370525886091
FAST,BZ=F,0,0.11786856798217225,1.709472344455291e-05,True,0.11786856798217225
HSY,HO=F,0,0.11781150821160673,1.725713894736583e-05,True,0.11781150821160673
FAST,HO=F,0,0.11735894015088572,1.85983693166616e-05,True,0.11735894015088572
TGT,HG=F,0,0.11724346453786952,1.8956151167722562e-05,True,0.11724346453786952
AEM,HO=F,0,0.11711993157724739,1.934614308408531e-05,True,0.11711993157724739
HSY,SI=F,0,0.11654834523985483,2.125213665685437e-05,True,0.11654834523985483
MMM,HO=F,0,0.1163937811240595,2.1797438261041697e-05,True,0.1163937811240595
ADBE,HG=F,0,0.11618196352087826,2.2566371235708136e-05,True,0.11618196352087826
LMT,SI=F,0,0.11617055051460792,2.2608526035342297e-05,True,0.11617055051460792
PFE,RB=F,0,0.11594516053550215,2.3456517915834362e-05,True,0.11594516053550215
PFE,PL=F,0,0.11494931656804053,2.7578441934228608e-05,True,0.11494931656804053
D,SI=F,0,0.11487611126655181,2.790715634967188e-05,True,0.11487611126655181
WM,BZ=F,0,0.11452377435213162,2.9541986122252212e-05,True,0.11452377435213162
SRE,ZL=F,0,0.11433803159992044,3.0440024539869435e-05,True,0.11433803159992044
CRM,ZL=F,0,0.11406611623860521,3.180155404751155e-05,True,0.11406611623860521
SCHW,ZL=F,0,0.11389771686113329,3.267353103831638e-05,True,0.11389771686113329
FNV,ZL=F,0,0.11387914760560708,3.277106014132066e-05,True,0.11387914760560708
HUM,BZ=F,0,0.11372409781729731,3.3596261946932523e-05,True,0.11372409781729731
ADBE,BZ=F,0,0.11358966270561163,3.432767014682526e-05,True,0.11358966270561163
MSFT,ZL=F,0,0.11294276504984518,3.8063445544707165e-05,True,0.11294276504984518
TSN,ZL=F,0,0.11214407549181497,4.320852507184116e-05,True,0.11214407549181497
INGR,ZL=F,0,0.11194913452883316,4.456083819977272e-05,True,0.11194913452883316
AEM,ZL=F,0,0.11127617211686315,4.9543872860679815e-05,True,0.11127617211686315
MDLZ,SI=F,0,0.11124397448599153,4.979504030253998e-05,True,0.11124397448599153
CMCSA,HG=F,0,0.11061945069577145,5.491194554318474e-05,True,0.11061945069577145
AMZN,QU=F,0,0.11049531272116221,5.598663576692341e-05,True,0.11049531272116221
QCOM,ZL=F,0,0.1104082590067753,5.675211799386492e-05,True,0.1104082590067753
NEM,ZL=F,0,0.11040267812810671,5.680152811567589e-05,True,0.11040267812810671
ORCL,PL=F,0,0.11007518960919138,5.977326940712302e-05,True,0.11007518960919138
AMGN,HG=F,0,0.11000766768266575,6.0404002417269746e-05,True,0.11000766768266575
CSCO,SI=F,0,0.10994174288146409,6.1025885704106004e-05,True,0.10994174288146409
DPZ,SI=F,0,0.10981403648003649,6.224783384329147e-05,True,0.10981403648003649
VLO,SI=F,0,0.1091863713208913,6.85973930472367e-05,True,0.1091863713208913
TSN,HG=F,0,0.10898351786308723,7.077712030777038e-05,True,0.10898351786308723
ABT,SI=F,0,0.10875889946609141,7.326701912215736e-05,True,0.10875889946609141
EXC,ZL=F,0,0.10810437434330536,8.100278079529236e-05,True,0.10810437434330536
NEE,HG=F,0,0.10741617391534371,8.996468660363448e-05,True,0.10741617391534371
CVS,HO=F,0,0.10699793716293306,9.585975020245167e-05,True,0.10699793716293306
HUM,HO=F,0,0.1068162278210242,9.853286682689914e-05,True,0.1068162278210242
MRK,HO=F,0,0.10680703405396662,9.866996688446155e-05,True,0.10680703405396662
ROK,ZL=F,0,0.10639377741340329,0.00010502169722996984,True,0.10639377741340329
GOLD,ZL=F,0,0.10596698506090763,0.00011198480131281153,True,0.10596698506090763
META,BZ=F,0,0.10581922198452376,0.0001144952959417584,True,0.10581922198452376
BAC,SI=F,0,0.10556406503741189,0.00011895567313607242,True,0.10556406503741189
MRK,BZ=F,0,0.10447278305217261,0.00013994458294951044,True,0.10447278305217261
AEP,SI=F,0,0.10398522407541363,0.00015040707133737158,True,0.10398522407541363
DLTR,BZ=F,0,0.10369922086494243,0.000156882193392879,True,0.10369922086494243
CMG,HO=F,0,0.10343502548886165,0.00016309561600163697,True,0.10343502548886165
LMT,ZL=F,0,0.10338812903550332,0.00016422242937839067,True,0.10338812903550332
CHTR,SI=F,0,0.10278106144767063,0.0001794849978218042,True,0.10278106144767063
FAST,SI=F,0,0.10213283709185864,0.0001972474617876882,True,0.10213283709185864
GE,SI=F,0,0.10187601501743145,0.0002047308715797266,True,0.10187601501743145
WM,SI=F,0,0.10187042392074297,0.00020489671251151237,True,0.10187042392074297
MDLZ,BZ=F,0,0.10055643276066706,0.0002475665878635331,True,0.10055643276066706
TGT,ZL=F,0,0.10009295357853568,0.0002645085535052032,True,0.10009295357853568
ABT,HG=F,0,0.0998895821750951,0.0002722801435794123,True,0.0998895821750951
ORCL,BZ=F,0,0.09985039120863726,0.000273802134537594,True,0.09985039120863726
DLTR,HO=F,0,0.09981765305590123,0.00027507963053719354,True,0.09981765305590123
AMZN,RB=F,0,0.09929731479952433,0.00029614814771016857,True,0.09929731479952433
VZ,PL=F,0,0.09845577414311259,0.0003334443310066496,True,0.09845577414311259
AMGN,BZ=F,0,0.09777253101442308,0.00036690710875510104,True,0.09777253101442308
T,HO=F,0,0.09708242683519722,0.00040386956008687234,True,0.09708242683519722
INGR,SI=F,0,0.09679543563166401,0.0004202407975386759,True,0.09679543563166401
AMZN,HO=F,0,0.09655855239236548,0.0004342178028285217,True,0.09655855239236548
MDLZ,HO=F,0,0.09604741535193645,0.0004658664953741757,True,0.09604741535193645
NEE,HO=F,0,0.09595723855523472,0.00047166840914728616,True,0.09595723855523472
ISRG,ZL=F,0,0.09558794922597126,0.000496137807421473,True,0.09558794922597126
WFC,SI=F,0,0.09526577709426541,0.0005184456611557547,True,0.09526577709426541
VZ,SI=F,0,0.09462135394468066,0.0005658956611488841,True,0.09462135394468066
ADBE,HO=F,0,0.09438585359763087,0.0005842216882092532,True,0.09438585359763087
ORCL,SI=F,0,0.09393676406685539,0.0006207075307495934,True,0.09393676406685539
ECL,ZL=F,0,0.09353380707862657,0.0006552368816729929,True,0.09353380707862657
ORCL,HO=F,0,0.09337035457474366,0.0006697451565801948,True,0.09337035457474366
JPM,SI=F,0,0.09300575914117704,0.0007031886065290101,True,0.09300575914117704
AMZN,BZ=F,0,0.09290808076843933,0.0007124081007289477,True,0.09290808076843933
MMM,ZL=F,0,0.09228085209301255,0.0007743344283242281,True,0.09228085209301255
ZTS,HO=F,0,0.09184806878115598,0.0008199341198871,True,0.09184806878115598
HUM,HG=F,0,0.09179142824913328,0.0008260827916913409,True,0.09179142824913328
NOC,ZL=F,0,0.09170619824381365,0.0008354155842637441,True,0.09170619824381365
SYK,ZL=F,0,0.09067329338662782,0.0009565587066723739,True,0.09067329338662782
DLTR,SI=F,0,0.09035986313430865,0.0009964150156621496,True,0.09035986313430865
MDLZ,HG=F,0,0.09029052169553392,0.00100543756181632,True,0.09029052169553392
GOOGL,ZL=F,0,0.09021708158749557,0.0010150757472021804,True,0.09021708158749557
TGT,SI=F,0,0.09002637095093388,0.001040504714317043,True,0.09002637095093388
DUK,HO=F,0,0.09000812734385666,0.0010429678861589332,True,0.09000812734385666
AAPL,ZL=F,0,0.08982876219404548,0.0010674735815008848,True,0.08982876219404548
DHR,BZ=F,0,0.08976947418496609,0.0010756900660177826,True,0.08976947418496609
T,ZL=F,0,0.08958777319697044,0.0011012366269079537,True,0.08958777319697044
FAST,ZL=F,0,0.08907905438663682,0.0011757717895996146,True,0.08907905438663682
BBY,ZL=F,0,0.08855602977897445,0.001257234973725182,True,0.08855602977897445
AMGN,HO=F,0,0.08797972817694509,0.001353003341671449,True,0.08797972817694509
BMY,HO=F,0,0.08758237405434642,0.0014229019152237768,True,0.08758237405434642
MCD,ZL=F,0,0.08757245793688,0.0014246880405990444,True,0.08757245793688
MDT,ZL=F,0,0.08620494808783018,0.0016917500368973722,True,0.08620494808783018
T,SI=F,0,0.0858734608658807,0.001763066529335807,True,0.0858734608658807
UNH,ZL=F,0,0.08524105209670138,0.0019068345322382633,True,0.08524105209670138
CVS,HG=F,0,0.08518442183746058,0.001920219497597127,True,0.08518442183746058
WM,HO=F,0,0.08454695671940061,0.002076948758597309,True,0.08454695671940061
BMY,HG=F,0,0.08435425490830124,0.0021265843865333227,True,0.08435425490830124
TGT,BZ=F,0,0.08299106701670964,0.002509922795250684,True,0.08299106701670964
DPZ,HG=F,0,0.08297965090904907,0.0025133840699378073,True,0.08297965090904907
ADBE,ZL=F,0,0.08296820995146922,0.0025168572540559056,True,0.08296820995146922
DPZ,QU=F,0,0.08253319717672244,0.0026522144474246385,True,0.08253319717672244
CMG,ZL=F,0,0.08177812564617626,0.002903032376384537,True,0.08177812564617626
HD,ZL=F,0,0.08160379819144839,0.0029639305930477785,True,0.08160379819144839
META,HO=F,0,0.0815567216079007,0.0029805744478440845,True,0.0815567216079007
BMY,SI=F,0,0.0813025424494393,0.0030719196314648997,True,0.0813025424494393
HUM,ZL=F,0,0.08037135915905401,0.0034287629818775507,True,0.08037135915905401
MRK,PL=F,0,0.08035963185721348,0.0034334880413849143,True,0.08035963185721348
VZ,BZ=F,0,0.08025665921185623,0.0034752317794355374,True,0.08025665921185623
CHTR,BZ=F,0,0.08007838586637875,0.0035485935784424385,True,0.08007838586637875
BMY,BZ=F,0,0.0798174997992777,0.0036584899763348355,True,0.0798174997992777
DUK,BZ=F,0,0.07967144506360278,0.003721355576895742,True,0.07967144506360278
SO,HO=F,0,0.07944610966923069,0.0038202713067873447,True,0.07944610966923069
PFE,SI=F,0,0.07794891110941032,0.00454039902932669,True,0.07794891110941032
TGT,HO=F,0,0.07779185800561102,0.004622649944170723,True,0.07779185800561102
HSY,HG=F,0,0.07726087381487744,0.00491081095173658,True,0.07726087381487744
DPZ,RB=F,0,0.07720595617850716,0.004941521825240853,True,0.07720595617850716
JNJ,HO=F,0,0.07704832479904639,0.005030638078026472,True,0.07704832479904639
ULTA,ZL=F,0,0.0763307085787095,0.00545496026163535,True,0.0763307085787095
ZTS,ZL=F,0,0.07455496918342397,0.006646953036988317,True,0.07455496918342397
ORCL,ZL=F,0,0.07449369068883695,0.006691973875488586,True,0.07449369068883695
MDLZ,ZL=F,0,0.07416153674614208,0.0069408028459664135,True,0.07416153674614208
UNH,SI=F,0,0.07336935763495218,0.007568075691879235,True,0.07336935763495218
CVS,ZL=F,0,0.07304837351748925,0.007836370991579461,True,0.07304837351748925
REGN,QU=F,0,0.07304715453655117,0.007837405898702935,True,0.07304715453655117
DLTR,HG=F,0,0.07273708478964598,0.008104659443567584,True,0.07273708478964598
DHR,HO=F,0,0.07226102731799272,0.008530855646718677,True,0.07226102731799272
LOW,ZL=F,0,0.07167535930586517,0.009082571495703549,True,0.07167535930586517
VZ,HG=F,0,0.07094302518180289,0.009817089459893414,True,0.07094302518180289
AEP,ZL=F,0,0.06966107193361182,0.011230918338561262,True,0.06966107193361182
DPZ,BZ=F,0,0.06895776061929697,0.012080948408065577,True,0.06895776061929697
AMZN,ZL=F,0,0.0681681931793123,0.01310266347134107,True,0.0681681931793123
JNJ,HG=F,0,0.06787008262916318,0.013507837181726337,True,0.06787008262916318
D,ZL=F,0,0.0676504298578523,0.013813412045344918,True,0.0676504298578523
D,HG=F,0,0.06744942167545669,0.014098375236960592,True,0.06744942167545669
DUK,HG=F,0,0.06725580414119908,0.014377747853942871,True,0.06725580414119908
SO,BZ=F,0,0.06685554078380024,0.014970797923099728,True,0.06685554078380024
LMT,HG=F,0,0.06680898370593569,0.015041157762724142,True,0.06680898370593569
NOC,SI=F,0,0.06652550142942323,0.015475885177294308,True,0.06652550142942323
SBUX,ZL=F,0,0.06617392517017245,0.01603035237567592,True,0.06617392517017245
REGN,SI=F,0,0.06594943259483509,0.016393455382913983,True,0.06594943259483509
SO,ZL=F,0,0.06472121909512296,0.018510545551852414,True,0.06472121909512296
CMCSA,ZL=F,0,0.06403519918134118,0.019794119400615633,True,0.06403519918134118
HUM,SI=F,0,0.06401295175475363,0.019837013840879884,True,0.06401295175475363
SO,HG=F,0,0.06384563347013929,0.02016221947468929,True,0.06384563347013929
D,BZ=F,0,0.06357099118481688,0.02070610150004506,True,0.06357099118481688
REGN,RB=F,0,0.06350643408388484,0.020835785041451213,True,0.06350643408388484
MRK,SI=F,0,0.06204316837080451,0.023970865751353033,True,0.06204316837080451
D,HO=F,0,0.06202994776394729,0.024000959388368968,True,0.06202994776394729
CHTR,HG=F,0,0.06172612503734992,0.024701615031793512,True,0.06172612503734992
NOC,HG=F,0,0.06169285429476284,0.024779406421165925,True,0.06169285429476284
MRK,ZL=F,0,0.060990172596383146,0.026472584888575436,True,0.060990172596383146
DPZ,PL=F,0,0.060929682149339665,0.02662290294528638,True,0.060929682149339665
JNJ,BZ=F,0,0.06039232990507655,0.027990849572530126,True,0.06039232990507655
AEP,HO=F,0,0.0603003066729714,0.02823108473364779,True,0.0603003066729714
CMCSA,SI=F,0,0.05976478577928513,0.029664614163847122,True,0.05976478577928513
PFE,HG=F,0,0.059651310540576555,0.02997627624066194,True,0.059651310540576555
DPZ,HO=F,0,0.05918511536827132,0.031286364197413506,True,0.05918511536827132
YUM,ZL=F,0,0.05811683977014681,0.03447459731468751,True,0.05811683977014681
MRK,HG=F,0,0.05644611585217123,0.04001523667249019,True,0.05644611585217123
REGN,HG=F,0,0.056436466751716596,0.040049308468815645,True,0.056436466751716596
NEE,BZ=F,0,0.055694185118762146,0.04274506888696072,True,0.055694185118762146
ABT,ZL=F,0,0.05443864547841121,0.04765339025214801,True,0.05443864547841121
AEP,HG=F,0,0.05409706714075474,0.04906784278673096,True,0.05409706714075474
PFE,BZ=F,0,0.05384402262511104,0.05013823368890084,False,0.05384402262511104
DUK,ZL=F,0,0.05368860573132404,0.05080529566476203,False,0.05368860573132404
REGN,BZ=F,0,0.05340777672811562,0.05202946754167743,False,0.05340777672811562
AMGN,SI=F,0,0.052871506829458126,0.05443563954488684,False,0.052871506829458126
DHR,ZL=F,0,0.05149827292293611,0.0610226762732558,False,0.05149827292293611
ABT,HO=F,0,0.051241647599276456,0.06232400107782211,False,0.051241647599276456
VZ,HO=F,0,0.04980160269066866,0.07005822520669512,False,0.04980160269066866
META,ZL=F,0,0.049173498189847606,0.07366977083557935,False,0.049173498189847606
PFE,HO=F,0,0.0484759427451327,0.07785739244462299,False,0.0484759427451327
ABT,BZ=F,0,0.0472265591067901,0.0858405333018833,False,0.0472265591067901
CHTR,HO=F,0,0.047212938449697116,0.08593107490643342,False,0.047212938449697116
HSY,ZL=F,0,0.04695823615173855,0.0876384171934235,False,0.04695823615173855
VZ,ZL=F,0,0.04517516841990767,0.10036916116440796,False,0.04517516841990767
CHTR,ZL=F,0,0.044846826459875255,0.10286661229461116,False,0.044846826459875255
REGN,PL=F,0,0.04300618484607105,0.1177932585484183,False,0.04300618484607105
NEE,ZL=F,0,0.04293848489926273,0.11837304444071281,False,0.04293848489926273
AWK,HG=F,0,0.04245112457611722,0.12261303259786893,False,0.04245112457611722
WEC,HO=F,0,0.04124647274079754,0.1336018672798803,False,0.04124647274079754
DPZ,ZL=F,0,0.0412036398261208,0.1340061641017741,False,0.0412036398261208
WEC,ZL=F,0,0.040644016849109274,0.13937564331244962,False,0.040644016849109274
REGN,HO=F,0,0.03874224410613741,0.1588635111028487,False,0.03874224410613741
AEP,BZ=F,0,0.03820759798951356,0.16469691152406357,False,0.03820759798951356
DLTR,ZL=F,0,0.038063279707472156,0.16629881504741434,False,0.038063279707472156
PFE,ZL=F,0,0.036389196593452806,0.18574412705726956,False,0.036389196593452806
WEC,HG=F,0,0.03619574351749182,0.1880951808088018,False,0.03619574351749182
JNJ,SI=F,0,0.03440699010316716,0.21088027438322043,False,0.03440699010316716
SCHW,SI=F,0,0.0325922919539337,0.23596831571517257,False,0.0325922919539337
AWK,HO=F,0,0.029831298678216024,0.2780625352681404,False,0.029831298678216024
GIS,ZS=F,1,-0.02975106435673488,0.27935771120853037,False,0.02975106435673488
JNJ,ZL=F,0,0.02521814553574635,0.35920185524938,False,0.02521814553574635
CVS,SI=F,0,0.024147278935692552,0.3799759629675426,False,0.024147278935692552
AMGN,ZL=F,0,0.023978822605763412,0.38330978763130735,False,0.023978822605763412
AWK,ZL=F,0,0.021699823743086242,0.43015029434312607,False,0.021699823743086242
BMY,ZL=F,0,0.021569939178343073,0.43291618649972713,False,0.021569939178343073
SJM,ZS=F,1,-0.016488550445581243,0.5488796198546511,False,0.016488550445581243
REGN,ZL=F,0,-0.015438396665391214,0.5746224332696084,False,0.015438396665391214
K,ZS=F,1,-0.010299320281185527,0.7080953013700053,False,0.010299320281185527
WEC,BZ=F,0,0.010136421491699826,0.7125055531253347,False,0.010136421491699826
SJM,ALI=F,1,0.0052498057982433045,0.8486473608789238,False,0.0052498057982433045
AWK,BZ=F,0,-0.003535235722761352,0.897741542464186,False,0.003535235722761352
K,ALI=F,1,-0.0035001352295210286,0.8987513532004634,False,0.0035001352295210286
GIS,ALI=F,1,0.002341558524840366,0.9321648066124628,False,0.002341558524840366
